Year,Ward,Week,People in Ward,Season,Construction,Water Usage
2015,1,1,452,1,0,158200
2015,1,2,452,1,1,180727
2015,1,3,452,1,1,174020
2015,1,4,452,1,1,183512
2015,1,5,452,1,0,148708
2015,1,6,452,1,0,158200
2015,1,7,452,1,0,148708
2015,1,8,452,1,1,179114
2015,1,9,452,1,0,161364
2015,1,10,452,1,1,188795
2015,1,11,452,1,0,155036
2015,1,12,452,1,1,168040
2015,1,13,452,1,1,178766
2015,1,14,452,1,0,161364
2015,1,15,452,1,1,179841
2015,1,16,452,1,1,178766
2015,1,18,452,2,0,91756
2015,1,19,452,2,0,94920
2015,1,20,452,2,0,88592
2015,1,21,452,2,0,85428
2015,1,22,452,2,0,104412
2015,1,23,452,2,0,88592
2015,1,24,452,2,1,102766
2015,1,25,452,2,1,115422
2015,1,26,452,2,0,94920
2015,1,27,452,2,0,85428
2015,1,28,452,2,0,101248
2015,1,29,452,2,0,104412
2015,1,30,452,2,1,104412
2015,1,31,452,2,0,85428
2015,1,32,452,2,0,94920
2015,1,33,452,2,1,100994
2015,1,34,452,2,0,94920
2015,1,35,452,3,0,126560
2015,1,36,452,3,1,141873
2015,1,37,452,3,1,143993
2015,1,38,452,3,1,150163
2015,1,39,452,3,0,129724
2015,1,40,452,3,1,132255
2015,1,41,452,3,0,120232
2015,1,42,452,3,0,132888
2015,1,43,452,3,1,133457
2015,1,44,452,3,0,129724
2015,1,45,452,3,1,139469
2015,1,46,452,3,1,150479
2015,1,47,452,3,1,131116
2015,1,48,452,3,0,123396
2015,1,49,452,3,0,132888
2015,1,50,452,3,1,134628
2015,1,51,452,3,1,155478
2015,1,52,452,3,1,141873
2015,2,1,580,1,1,229836
2015,2,2,580,1,1,238119
2015,2,3,580,1,0,207060
2015,2,4,580,1,1,235480
2015,2,5,580,1,0,198940
2015,2,6,580,1,1,211810
2015,2,7,580,1,1,222163
2015,2,8,580,1,1,237510
2015,2,9,580,1,1,233450
2015,2,10,580,1,0,207060
2015,2,11,580,1,1,219443
2015,2,12,580,1,0,198940
2015,2,13,580,1,1,231907
2015,2,14,580,1,0,198940
2015,2,15,580,1,1,229390
2015,2,16,580,1,0,203000
2015,2,18,580,2,1,143480
2015,2,19,580,2,0,121800
2015,2,20,580,2,0,133980
2015,2,21,580,2,0,109620
2015,2,22,580,2,1,128458
2015,2,23,580,2,1,140110
2015,2,24,580,2,1,140110
2015,2,25,580,2,1,146809
2015,2,26,580,2,0,121800
2015,2,27,580,2,0,133980
2015,2,28,580,2,0,117740
2015,2,29,580,2,1,128255
2015,2,30,580,2,0,109620
2015,2,31,580,2,1,147378
2015,2,32,580,2,0,129920
2015,2,33,580,2,1,140963
2015,2,34,580,2,1,148108
2015,2,35,580,3,1,175879 
2015,2,36,580,3,1,197803
2015,2,37,580,3,1,193093
2015,2,38,580,3,1,185257
2015,2,39,580,3,1,191632
2015,2,40,580,3,0,158340
2015,2,41,580,3,0,150220
2015,2,42,580,3,0,166460
2015,2,43,580,3,0,166460
2015,2,44,580,3,1,180507
2015,2,45,580,3,1,187572
2015,2,46,580,3,0,154280
2015,2,47,580,3,1,181888
2015,2,48,580,3,0,170520
2015,2,49,580,3,1,188099
2015,2,50,580,3,0,158340
2015,2,51,580,3,0,166460
2015,2,52,580,3,1,169708
2015,3,1,640,1,1,250566
2015,3,2,640,1,0,228480
2015,3,3,640,1,1,265036
2015,3,4,640,1,1,236544
2015,3,5,640,1,0,215040
2015,3,6,640,1,0,228480
2015,3,7,640,1,1,253612
2015,3,8,640,1,1,248460
2015,3,9,640,1,1,238694
2015,3,10,640,1,0,224000
2015,3,11,640,1,1,246355
2015,3,12,640,1,1,265036
2015,3,13,640,1,0,224000
2015,3,14,640,1,0,215040
2015,3,15,640,1,0,210560
2015,3,16,640,1,1,261228
2015,3,18,640,2,0,138880
2015,3,19,640,2,1,172972
2015,3,20,640,2,0,143360
2015,3,21,640,2,0,129920
2015,3,22,640,2,0,129920
2015,3,23,640,2,0,125440
2015,3,24,640,2,1,149408
2015,3,25,640,2,1,142912
2015,3,26,640,2,0,134400
2015,3,27,640,2,0,129920
2015,3,28,640,2,0,147840
2015,3,29,640,2,1,150528
2015,3,30,640,2,1,142912
2015,3,31,640,2,1,141747
2015,3,32,640,2,1,151872
2015,3,33,640,2,1,152006
2015,3,34,640,2,0,147840
2015,3,35,640,3,0,179200
2015,3,36,640,3,1,195776
2015,3,37,640,3,1,182336
2015,3,38,640,3,1,192281
2015,3,39,640,3,1,188966
2015,3,40,640,3,0,183680
2015,3,41,640,3,1,202048
2015,3,42,640,3,1,197120
2015,3,43,640,3,1,204288
2015,3,44,640,3,0,179200
2015,3,45,640,3,1,214905
2015,3,46,640,3,0,179200
2015,3,47,640,3,1,187264
2015,3,48,640,3,0,183680
2015,3,49,640,3,0,165760
2015,3,50,640,3,0,174720
2015,3,51,640,3,0,174720
2015,3,52,640,3,1,207872
2015,4,1,320,1,0,105280
2015,4,2,320,1,1,120019
2015,4,3,320,1,1,115808
2015,4,4,320,1,0,109760
2015,4,5,320,1,0,107520
2015,4,6,320,1,0,114240
2015,4,7,320,1,0,109760
2015,4,8,320,1,0,107520
2015,4,9,320,1,0,109760
2015,4,10,320,1,0,105280
2015,4,11,320,1,1,121497
2015,4,12,320,1,0,107520
2015,4,13,320,1,0,109760
2015,4,14,320,1,0,107520
2015,4,15,320,1,0,109760
2015,4,16,320,1,1,131376
2015,4,18,320,2,0,73920
2015,4,19,320,2,1,81715
2015,4,20,320,2,1,81244
2015,4,21,320,2,1,68947
2015,4,22,320,2,0,73920
2015,4,23,320,2,1,71971
2015,4,24,320,2,0,73920
2015,4,25,320,2,0,60480
2015,4,26,320,2,1,83865
2015,4,27,320,2,1,71971
2015,4,28,320,2,1,73382
2015,4,29,320,2,1,72755
2015,4,30,320,2,1,84582
2015,4,31,320,2,0,60480
2015,4,32,320,2,1,83865
2015,4,33,320,2,1,68342
2015,4,34,320,2,1,71456
2015,4,35,320,3,1,109289
2015,4,36,320,3,0,94080
2015,4,37,320,3,1,94483
2015,4,38,320,3,1,103779
2015,4,39,320,3,1,104832
2015,4,40,320,3,1,105616
2015,4,41,320,3,1,111955
2015,4,42,320,3,1,103958
2015,4,43,320,3,0,87360
2015,4,44,320,3,0,85120
2015,4,45,320,3,1,94483
2015,4,46,320,3,1,96096
2015,4,47,320,3,1,98627
2015,4,48,320,3,1,96969
2015,4,49,320,3,0,82880
2015,4,50,320,3,0,89600
2015,4,51,320,3,0,91840
2015,4,52,320,3,1,95312
2015,5,1,150,1,1,55272
2015,5,2,150,1,1,59472
2015,5,3,150,1,1,58800
2015,5,4,150,1,0,53550
2015,5,5,150,1,0,50400
2015,5,6,150,1,1,57739
2015,5,7,150,1,1,58464
2015,5,8,150,1,0,53550
2015,5,9,150,1,0,49350
2015,5,10,150,1,1,61047
2015,5,11,150,1,0,51450
2015,5,12,150,1,1,55272
2015,5,13,150,1,0,50400
2015,5,14,150,1,1,61047
2015,5,15,150,1,0,50400
2015,5,16,150,1,0,50400
2015,5,18,150,2,1,33495
2015,5,19,150,2,1,37485
2015,5,20,150,2,0,31500
2015,5,21,150,2,1,32928
2015,5,22,150,2,1,32928
2015,5,23,150,2,0,34650
2015,5,24,150,2,1,39984
2015,5,25,150,2,0,33600
2015,5,26,150,2,1,37968
2015,5,27,150,2,0,28350
2015,5,28,150,2,0,29400
2015,5,29,150,2,1,39648
2015,5,30,150,2,1,38115
2015,5,31,150,2,0,31500
2015,5,32,150,2,1,40887
2015,5,33,150,2,1,34713
2015,5,34,150,2,0,31500
2015,5,35,150,3,1,45454
2015,5,36,150,3,0,43050
2015,5,37,150,3,0,43050
2015,5,38,150,3,0,40950
2015,5,39,150,3,0,43050
2015,5,40,150,3,0,43050
2015,5,41,150,3,1,49938
2015,5,42,150,3,1,45045
2015,5,43,150,3,1,45045
2015,5,44,150,3,0,38850
2015,5,45,150,3,0,43050
2015,5,46,150,3,1,48720
2015,5,47,150,3,0,44100
2015,5,48,150,3,1,44677
2015,5,49,150,3,1,48730
2015,5,50,150,3,0,44100
2015,5,51,150,3,0,40950
2015,5,52,150,3,1,44289
2015,6,1,856,1,1,351430
2015,6,2,856,1,1,343521
2015,6,3,856,1,0,287616
2015,6,4,856,1,0,281624
2015,6,5,856,1,0,305592
2015,6,6,856,1,1,330758
2015,6,7,856,1,0,287616
2015,6,8,856,1,1,339207
2015,6,9,856,1,0,305592
2015,6,10,856,1,1,330758
2015,6,11,856,1,0,287616
2015,6,12,856,1,0,281624
2015,6,13,856,1,1,340585
2015,6,14,856,1,1,349393
2015,6,15,856,1,0,293608
2015,6,16,856,1,1,329560
2015,6,18,856,2,0,185752
2015,6,19,856,2,1,190905
2015,6,20,856,2,0,191744
2015,6,21,856,2,0,191744
2015,6,22,856,2,1,221464
2015,6,23,856,2,0,185752
2015,6,24,856,2,1,190905
2015,6,25,856,2,1,181198
2015,6,26,856,2,1,186051
2015,6,27,856,2,0,197736
2015,6,28,856,2,1,218588
2015,6,29,856,2,0,161784
2015,6,30,856,2,0,167776
2015,6,31,856,2,1,219187
2015,6,32,856,2,0,191744
2015,6,33,856,2,0,191744
2015,6,34,856,2,1,199833
2015,6,35,856,3,1,270239
2015,6,36,856,3,1,259393
2015,6,37,856,3,1,261730
2015,6,38,856,3,1,252742
2015,6,39,856,3,1,252742
2015,6,40,856,3,1,280066
2015,6,41,856,3,0,221704
2015,6,42,856,3,0,251664
2015,6,43,856,3,0,221704
2015,6,44,856,3,1,252742
2015,6,45,856,3,1,289413
2015,6,46,856,3,1,280425
2015,6,47,856,3,0,239680
2015,6,48,856,3,1,266044
2015,6,49,856,3,0,245672
2015,6,50,856,3,1,278028
2015,6,51,856,3,0,233688
2015,6,52,856,3,0,245672
2016,1,1,452,1,1,163578
2016,1,2,452,1,1,179114
2016,1,3,452,1,0,155036
2016,1,4,452,1,0,161364
2016,1,5,452,1,1,168577
2016,1,6,452,1,0,161364
2016,1,7,452,1,1,177500
2016,1,8,452,1,0,148708
2016,1,9,452,1,0,148708
2016,1,10,452,1,0,158200
2016,1,11,452,1,0,158200
2016,1,12,452,1,1,180348
2016,1,13,452,1,1,175190
2016,1,14,452,1,1,182942
2016,1,15,452,1,0,148708
2016,1,16,452,1,0,155036
2016,1,18,452,2,1,109189
2016,1,19,452,2,0,94920
2016,1,20,452,2,0,85428
2016,1,21,452,2,0,88592
2016,1,22,452,2,1,93970
2016,1,23,452,2,1,97387
2016,1,24,452,2,0,88592
2016,1,25,452,2,0,91756
2016,1,26,452,2,0,91756
2016,1,27,452,2,1,113777
2016,1,28,452,2,1,114758
2016,1,29,452,2,1,116435
2016,1,30,452,2,1,102766
2016,1,31,452,2,1,104601
2016,1,32,452,2,0,104412
2016,1,33,452,2,0,91756
2016,1,34,452,2,1,118460
2016,1,35,452,3,0,123396
2016,1,36,452,3,0,129724
2016,1,37,452,3,1,143012
2016,1,38,452,3,1,133457
2016,1,39,452,3,0,129724
2016,1,40,452,3,1,139310
2016,1,41,452,3,1,138266
2016,1,42,452,3,1,146588
2016,1,43,452,3,0,120232
2016,1,44,452,3,0,120232
2016,1,45,452,3,0,132888
2016,1,46,452,3,1,139216
2016,1,47,452,3,0,126560
2016,1,48,452,3,0,132888
2016,1,49,452,3,1,141905
2016,1,50,452,3,0,120232
2016,1,51,452,3,1,154371
2016,1,52,452,3,0,117068
2016,2,1,580,1,1,244330
2016,2,2,580,1,1,231420
2016,2,3,580,1,0,194880
2016,2,4,580,1,1,217534
2016,2,5,580,1,0,190820
2016,2,6,580,1,1,214368
2016,2,7,580,1,1,229958
2016,2,8,580,1,0,207060
2016,2,9,580,1,1,239540
2016,2,10,580,1,1,238119
2016,2,11,580,1,1,242260
2016,2,12,580,1,1,227075
2016,2,13,580,1,1,233977
2016,2,14,580,1,1,228781
2016,2,15,580,1,1,213718
2016,2,16,580,1,1,224802
2016,2,18,580,2,0,121800
2016,2,19,580,2,0,129920
2016,2,20,580,2,0,125860
2016,2,21,580,2,1,141288
2016,2,22,580,2,0,113680
2016,2,23,580,2,0,129920
2016,2,24,580,2,0,133980
2016,2,25,580,2,0,109620
2016,2,26,580,2,0,133980
2016,2,27,580,2,1,148717
2016,2,28,580,2,1,138933
2016,2,29,580,2,1,153305
2016,2,30,580,2,1,155416
2016,2,31,580,2,1,154604
2016,2,32,580,2,1,133980
2016,2,33,580,2,0,121800
2016,2,34,580,2,1,149773
2016,2,35,580,3,0,170520
2016,2,36,580,3,1,172793
2016,2,37,580,3,1,186841
2016,2,38,580,3,0,158340
2016,2,39,580,3,1,197803
2016,2,40,580,3,1,183674
2016,2,41,580,3,0,162400
2016,2,42,580,3,0,154280
2016,2,43,580,3,0,166460
2016,2,44,580,3,0,166460
2016,2,45,580,3,1,183106
2016,2,46,580,3,1,190982
2016,2,47,580,3,1,186841
2016,2,48,580,3,1,169708
2016,2,49,580,3,0,154280
2016,2,50,580,3,1,190008
2016,2,51,580,3,1,166744
2016,2,52,580,3,0,154280
2016,3,1,640,1,0,228480
2016,3,2,640,1,1,257600
2016,3,3,640,1,0,210560
2016,3,4,640,1,1,242144
2016,3,5,640,1,0,224000
2016,3,6,640,1,1,262752
2016,3,7,640,1,0,215040
2016,3,8,640,1,1,250252
2016,3,9,640,1,1,246355
2016,3,10,640,1,0,215040
2016,3,11,640,1,1,242144
2016,3,12,640,1,0,215040
2016,3,13,640,1,0,210560
2016,3,14,640,1,1,247296
2016,3,15,640,1,0,228480
2016,3,16,640,1,1,246400
2016,3,18,640,2,0,138880
2016,3,19,640,2,1,156934
2016,3,20,640,2,1,170016
2016,3,21,640,2,1,157248
2016,3,22,640,2,0,134400
2016,3,23,640,2,0,134400
2016,3,24,640,2,1,143942
2016,3,25,640,2,1,157248
2016,3,26,640,2,0,125440
2016,3,27,640,2,0,120960
2016,3,28,640,2,0,138880
2016,3,29,640,2,1,169164
2016,3,30,640,2,1,142912
2016,3,31,640,2,0,138880
2016,3,32,640,2,1,137894
2016,3,33,640,2,1,156934
2016,3,34,640,2,0,138880
2016,3,35,640,3,0,179200
2016,3,36,640,3,0,188160
2016,3,37,640,3,1,198912
2016,3,38,640,3,1,182336
2016,3,39,640,3,0,170240
2016,3,40,640,3,0,174720
2016,3,41,640,3,0,170240
2016,3,42,640,3,0,170240
2016,3,43,640,3,1,199180
2016,3,44,640,3,1,214502
2016,3,45,640,3,0,165760
2016,3,46,640,3,0,188160
2016,3,47,640,3,0,183680
2016,3,48,640,3,1,207872
2016,3,49,640,3,0,165760
2016,3,50,640,3,0,165760
2016,3,51,640,3,1,206976
2016,3,52,640,3,1,197254
2016,4,1,320,1,1,127321
2016,4,2,320,1,1,130614
2016,4,3,320,1,1,127948
2016,4,4,320,1,1,121072
2016,4,5,320,1,1,128419
2016,4,6,320,1,1,120019
2016,4,7,320,1,1,133660
2016,4,8,320,1,1,115808
2016,4,9,320,1,1,131040
2016,4,10,320,1,1,121833
2016,4,11,320,1,1,120736
2016,4,12,320,1,1,133280
2016,4,13,320,1,0,105280
2016,4,14,320,1,0,109760
2016,4,15,320,1,1,125126
2016,4,16,320,1,1,132160
2016,4,18,320,2,0,71680
2016,4,19,320,2,1,77280
2016,4,20,320,2,0,69440
2016,4,21,320,2,0,67200
2016,4,22,320,2,1,85747
2016,4,23,320,2,0,62720
2016,4,24,320,2,0,60480
2016,4,25,320,2,0,67200
2016,4,26,320,2,1,83529
2016,4,27,320,2,1,72105
2016,4,28,320,2,1,86486
2016,4,29,320,2,0,71680
2016,4,30,320,2,0,71680
2016,4,31,320,2,1,81715
2016,4,32,320,2,0,60480
2016,4,33,320,2,1,67132
2016,4,34,320,2,0,69440
2016,4,35,320,3,1,104428
2016,4,36,320,3,1,107452
2016,4,37,320,3,0,91840
2016,4,38,320,3,0,91840
2016,4,39,320,3,0,91840
2016,4,40,320,3,1,109289
2016,4,41,320,3,1,111014
2016,4,42,320,3,1,100464
2016,4,43,320,3,0,87360
2016,4,44,320,3,0,89600
2016,4,45,320,3,0,89600
2016,4,46,320,3,0,85120
2016,4,47,320,3,1,98739
2016,4,48,320,3,0,89600
2016,4,49,320,3,0,87360
2016,4,50,320,3,1,106534
2016,4,51,320,3,1,103958
2016,4,52,320,3,0,87360
2016,5,1,150,1,1,54285
2016,5,2,150,1,1,59682
2016,5,3,150,1,0,53550
2016,5,4,150,1,0,52500
2016,5,5,150,1,0,53550
2016,5,6,150,1,1,61425
2016,5,7,150,1,0,51450
2016,5,8,150,1,0,50400
2016,5,9,150,1,1,57960
2016,5,10,150,1,1,61582
2016,5,11,150,1,1,59167
2016,5,12,150,1,1,59325
2016,5,13,150,1,0,50400
2016,5,14,150,1,0,53550
2016,5,15,150,1,0,53550
2016,5,16,150,1,0,50400
2016,5,18,150,2,0,31500
2016,5,19,150,2,0,31500
2016,5,20,150,2,0,30450
2016,5,21,150,2,1,37107
2016,5,22,150,2,1,39501
2016,5,23,150,2,0,29400
2016,5,24,150,2,0,29400
2016,5,25,150,2,0,32550
2016,5,26,150,2,0,29400
2016,5,27,150,2,1,38304
2016,5,28,150,2,0,29400
2016,5,29,150,2,0,34650
2016,5,30,150,2,0,29400
2016,5,31,150,2,0,28350
2016,5,32,150,2,0,31500
2016,5,33,150,2,1,33169
2016,5,34,150,2,0,28350
2016,5,35,150,3,0,43050
2016,5,36,150,3,0,44100
2016,5,37,150,3,1,43900
2016,5,38,150,3,0,39900
2016,5,39,150,3,0,39900
2016,5,40,150,3,0,42000
2016,5,41,150,3,1,43123
2016,5,42,150,3,0,44100
2016,5,43,150,3,1,46231
2016,5,44,150,3,0,38850
2016,5,45,150,3,1,45454
2016,5,46,150,3,1,49938
2016,5,47,150,3,1,46200
2016,5,48,150,3,1,49980
2016,5,49,150,3,0,40950
2016,5,50,150,3,1,49140
2016,5,51,150,3,0,42000
2016,5,52,150,3,1,44289
2016,6,1,856,1,1,333634
2016,6,2,856,1,0,287616
2016,6,3,856,1,1,339207
2016,6,4,856,1,1,339207
2016,6,5,856,1,0,299600
2016,6,6,856,1,0,287616
2016,6,7,856,1,0,287616
2016,6,8,856,1,0,293608
2016,6,9,856,1,0,305592
2016,6,10,856,1,0,299600
2016,6,11,856,1,1,346457
2016,6,12,856,1,0,281624
2016,6,13,856,1,0,281624
2016,6,14,856,1,1,315418
2016,6,15,856,1,1,329560
2016,6,16,856,1,0,287616
2016,6,18,856,2,0,179760
2016,6,19,856,2,0,191744
2016,6,20,856,2,1,194620
2016,6,21,856,2,0,173768
2016,6,22,856,2,1,181198
2016,6,23,856,2,1,220505
2016,6,24,856,2,1,197736
2016,6,25,856,2,1,192522
2016,6,26,856,2,0,191744
2016,6,27,856,2,0,197736
2016,6,28,856,2,1,197975
2016,6,29,856,2,1,187909
2016,6,30,856,2,0,167776
2016,6,31,856,2,1,194620
2016,6,32,856,2,0,173768
2016,6,33,856,2,0,161784
2016,6,34,856,2,1,221044
2016,6,35,856,3,0,239680
2016,6,36,856,3,0,233688
2016,6,37,856,3,0,251664
2016,6,38,856,3,0,233688
2016,6,39,856,3,0,251664
2016,6,40,856,3,0,233688
2016,6,41,856,3,1,282822
2016,6,42,856,3,1,268681
2016,6,43,856,3,0,251664
2016,6,44,856,3,1,257296
2016,6,45,856,3,1,278028
2016,6,46,856,3,0,239680
2016,6,47,856,3,1,252742
2016,6,48,856,3,1,264067
2016,6,49,856,3,0,227696
2016,6,50,856,3,0,233688
2016,6,51,856,3,0,251664
2016,6,52,856,3,0,245672
2017,1,1,452,1,1,174020
2017,1,2,452,1,1,170096
2017,1,3,452,1,1,182942
2017,1,4,452,1,1,192023
2017,1,5,452,1,0,158200
2017,1,6,452,1,0,151872
2017,1,7,452,1,1,173134
2017,1,8,452,1,0,151872
2017,1,9,452,1,0,148708
2017,1,10,452,1,1,163578
2017,1,11,452,1,0,148708
2017,1,12,452,1,1,170539
2017,1,13,452,1,1,170096
2017,1,14,452,1,1,167059
2017,1,15,452,1,0,158200
2017,1,16,452,1,1,168040
2017,1,18,452,2,0,104412
2017,1,19,452,2,1,94825
2017,1,20,452,2,1,101880
2017,1,21,452,2,0,85428
2017,1,22,452,2,1,95679
2017,1,23,452,2,0,101248
2017,1,24,452,2,1,98242
2017,1,25,452,2,0,85428
2017,1,26,452,2,0,98084
2017,1,27,452,2,0,85428
2017,1,28,452,2,0,98084
2017,1,29,452,2,1,112954
2017,1,30,452,2,1,111056
2017,1,31,452,2,1,100805
2017,1,32,452,2,0,98084
2017,1,33,452,2,1,121117
2017,1,34,452,2,1,97387
2017,1,35,452,3,0,126560
2017,1,36,452,3,1,141905
2017,1,37,452,3,0,120232
2017,1,38,452,3,0,120232
2017,1,39,452,3,1,150606
2017,1,40,452,3,1,144278
2017,1,41,452,3,0,126560
2017,1,42,452,3,1,155478
2017,1,43,452,3,1,145290
2017,1,44,452,3,0,129724
2017,1,45,452,3,1,150163
2017,1,46,452,3,1,154371
2017,1,47,452,3,0,120232
2017,1,48,452,3,0,120232
2017,1,49,452,3,1,148834
2017,1,50,452,3,0,126560
2017,1,51,452,3,0,129724
2017,1,52,452,3,1,132286
2017,2,1,580,1,0,203000
2017,2,2,580,1,1,219443
2017,2,3,580,1,1,235480
2017,2,4,580,1,1,231420
2017,2,5,580,1,1,226791
2017,2,6,580,1,1,223300
2017,2,7,580,1,1,227766
2017,2,8,580,1,0,207060
2017,2,9,580,1,0,198940
2017,2,10,580,1,1,214368
2017,2,11,580,1,0,203000
2017,2,12,580,1,1,216316
2017,2,13,580,1,0,207060
2017,2,14,580,1,0,207060
2017,2,15,580,1,0,203000
2017,2,16,580,1,0,203000
2017,2,18,580,2,0,129920
2017,2,19,580,2,0,129920
2017,2,20,580,2,1,135401
2017,2,21,580,2,1,148108
2017,2,22,580,2,0,117740
2017,2,23,580,2,1,148717
2017,2,24,580,2,1,123870
2017,2,25,580,2,0,109620
2017,2,26,580,2,1,154077
2017,2,27,580,2,0,121800
2017,2,28,580,2,0,109620
2017,2,29,580,2,1,138446
2017,2,30,580,2,0,125860
2017,2,31,580,2,0,125860
2017,2,32,580,2,1,137755
2017,2,33,580,2,0,109620
2017,2,34,580,2,1,144739
2017,2,35,580,3,1,175757
2017,2,36,580,3,0,150220
2017,2,37,580,3,0,166460
2017,2,38,580,3,1,174336
2017,2,39,580,3,0,166460
2017,2,40,580,3,0,158340
2017,2,41,580,3,0,150220
2017,2,42,580,3,1,184770
2017,2,43,580,3,1,194758
2017,2,44,580,3,1,186841
2017,2,45,580,3,1,188099
2017,2,46,580,3,1,191429
2017,2,47,580,3,1,201213
2017,2,48,580,3,0,154280
2017,2,49,580,3,1,202918
2017,2,50,580,3,1,185257
2017,2,51,580,3,1,165242
2017,2,52,580,3,1,185136
2017,3,1,640,1,0,219520
2017,3,2,640,1,0,210560
2017,3,3,640,1,0,228480
2017,3,4,640,1,0,224000
2017,3,5,640,1,1,257600
2017,3,6,640,1,1,261228
2017,3,7,640,1,0,228480
2017,3,8,640,1,1,235827
2017,3,9,640,1,1,238694
2017,3,10,640,1,0,215040
2017,3,11,640,1,1,241472
2017,3,12,640,1,1,252448
2017,3,13,640,1,1,246400
2017,3,14,640,1,0,219520
2017,3,15,640,1,1,246355
2017,3,16,640,1,0,228480
2017,3,18,640,2,0,134400
2017,3,19,640,2,0,125440
2017,3,20,640,2,1,159712
2017,3,21,640,2,1,141523
2017,3,22,640,2,0,134400
2017,3,23,640,2,1,158323
2017,3,24,640,2,1,142912
2017,3,25,640,2,1,139104
2017,3,26,640,2,0,125440
2017,3,27,640,2,0,143360
2017,3,28,640,2,1,162624
2017,3,29,640,2,1,157696
2017,3,30,640,2,0,120960
2017,3,31,640,2,1,151872
2017,3,32,640,2,1,172972
2017,3,33,640,2,0,125440
2017,3,34,640,2,0,134400
2017,3,35,640,3,1,190624
2017,3,36,640,3,0,174720
2017,3,37,640,3,0,188160
2017,3,38,640,3,0,183680
2017,3,39,640,3,0,183680
2017,3,40,640,3,1,207558
2017,3,41,640,3,1,210739
2017,3,42,640,3,1,222028
2017,3,43,640,3,1,214502
2017,3,44,640,3,0,174720
2017,3,45,640,3,1,212620
2017,3,46,640,3,1,202048
2017,3,47,640,3,1,207872
2017,3,48,640,3,0,170240
2017,3,49,640,3,1,192371
2017,3,50,640,3,1,198912
2017,3,51,640,3,0,174720
2017,3,52,640,3,0,170240
2017,4,1,320,1,0,112000
2017,4,2,320,1,1,128419
2017,4,3,320,1,0,112000
2017,4,4,320,1,1,128800
2017,4,5,320,1,0,114240
2017,4,6,320,1,0,112000
2017,4,7,320,1,1,123648
2017,4,8,320,1,0,114240
2017,4,9,320,1,1,130233
2017,4,10,320,1,1,122931
2017,4,11,320,1,0,114240
2017,4,12,320,1,1,125440
2017,4,13,320,1,0,112000
2017,4,14,320,1,0,105280
2017,4,15,320,1,1,134803
2017,4,16,320,1,0,109760
2017,4,18,320,2,0,62720
2017,4,19,320,2,0,67200
2017,4,20,320,2,1,78624
2017,4,21,320,2,1,85747
2017,4,22,320,2,0,64960
2017,4,23,320,2,0,71680
2017,4,24,320,2,0,64960
2017,4,25,320,2,1,71456
2017,4,26,320,2,0,64960
2017,4,27,320,2,0,73920
2017,4,28,320,2,0,69440
2017,4,29,320,2,1,70156
2017,4,30,320,2,1,87964
2017,4,31,320,2,1,71366
2017,4,32,320,2,1,85008
2017,4,33,320,2,0,71680
2017,4,34,320,2,1,79296
2017,4,35,320,3,1,109289
2017,4,36,320,3,0,91840
2017,4,37,320,3,0,94080
2017,4,38,320,3,1,102211
2017,4,39,320,3,1,101024
2017,4,40,320,3,1,96096
2017,4,41,320,3,1,99590
2017,4,42,320,3,1,92825
2017,4,43,320,3,0,82880
2017,4,44,320,3,0,85120
2017,4,45,320,3,0,82880
2017,4,46,320,3,1,108192
2017,4,47,320,3,0,89600
2017,4,48,320,3,0,89600
2017,4,49,320,3,0,91840
2017,4,50,320,3,0,91840
2017,4,51,320,3,0,85120
2017,4,52,320,3,1,99590
2017,5,1,150,1,1,58968
2017,5,2,150,1,0,52500
2017,5,3,150,1,0,49350
2017,5,4,150,1,0,53550
2017,5,5,150,1,0,52500
2017,5,6,150,1,1,61425
2017,5,7,150,1,1,55272
2017,5,8,150,1,1,58726
2017,5,9,150,1,0,49350
2017,5,10,150,1,1,59976
2017,5,11,150,1,0,53550
2017,5,12,150,1,1,60511
2017,5,13,150,1,1,59325
2017,5,14,150,1,1,58138
2017,5,15,150,1,0,53550
2017,5,16,150,1,1,58905
2017,5,18,150,2,0,28350
2017,5,19,150,2,0,32550
2017,5,20,150,2,0,30450
2017,5,21,150,2,0,33600
2017,5,22,150,2,0,28350
2017,5,23,150,2,1,37632
2017,5,24,150,2,1,34692
2017,5,25,150,2,0,28350
2017,5,26,150,2,0,33600
2017,5,27,150,2,0,30450
2017,5,28,150,2,1,33810
2017,5,29,150,2,1,36235
2017,5,30,150,2,1,37107
2017,5,31,150,2,1,38734
2017,5,32,150,2,1,38734
2017,5,33,150,2,1,34986
2017,5,34,150,2,0,33600
2017,5,35,150,3,1,51597
2017,5,36,150,3,1,49560
2017,5,37,150,3,1,50274
2017,5,38,150,3,0,44100
2017,5,39,150,3,0,40950
2017,5,40,150,3,0,39900
2017,5,41,150,3,1,45454
2017,5,42,150,3,1,48730
2017,5,43,150,3,0,40950
2017,5,44,150,3,0,39900
2017,5,45,150,3,0,44100
2017,5,46,150,3,1,48510
2017,5,47,150,3,1,49140
2017,5,48,150,3,1,49560
2017,5,49,150,3,0,44100
2017,5,50,150,3,1,52038
2017,5,51,150,3,1,47040
2017,5,52,150,3,1,44289
2017,6,1,856,1,0,305592
2017,6,2,856,1,1,330758
2017,6,3,856,1,0,305592
2017,6,4,856,1,0,305592
2017,6,5,856,1,1,356524
2017,6,6,856,1,1,346457
2017,6,7,856,1,1,340585
2017,6,8,856,1,0,287616
2017,6,9,856,1,0,287616
2017,6,10,856,1,0,287616
2017,6,11,856,1,1,348374
2017,6,12,856,1,0,287616
2017,6,13,856,1,1,338548
2017,6,14,856,1,1,332556
2017,6,15,856,1,0,305592
2017,6,16,856,1,1,334713
2017,6,18,856,2,1,218588
2017,6,19,856,2,0,173768
2017,6,20,856,2,1,199833
2017,6,21,856,2,0,167776
2017,6,22,856,2,0,161784
2017,6,23,856,2,0,167776
2017,6,24,856,2,1,216670
2017,6,25,856,2,1,217509
2017,6,26,856,2,0,191744
2017,6,27,856,2,1,181198
2017,6,28,856,2,1,226257
2017,6,29,856,2,0,179760
2017,6,30,856,2,0,197736
2017,6,31,856,2,0,161784
2017,6,32,856,2,1,199533
2017,6,33,856,2,1,184553
2017,6,34,856,2,1,210319
2017,6,35,856,3,1,252742
2017,6,36,856,3,1,259393
2017,6,37,856,3,1,299480
2017,6,38,856,3,0,227696
2017,6,39,856,3,1,282822
2017,6,40,856,3,0,221704
2017,6,41,856,3,1,275152
2017,6,42,856,3,1,248308
2017,6,43,856,3,1,281863
2017,6,44,856,3,0,227696
2017,6,45,856,3,0,233688
2017,6,46,856,3,1,272695
2017,6,47,856,3,0,227696
2017,6,48,856,3,0,239680
2017,6,49,856,3,0,245672
2017,6,50,856,3,0,245672
2017,6,51,856,3,1,289413
2017,6,52,856,3,1,282522
2018,1,1,452,1,0,151872
2018,1,2,452,1,1,180348
2018,1,3,452,1,0,158200
2018,1,4,452,1,1,180348
2018,1,5,452,1,0,161364
2018,1,6,452,1,1,175602
2018,1,7,452,1,0,161364
2018,1,8,452,1,0,161364
2018,1,9,452,1,1,181392
2018,1,10,452,1,0,155036
2018,1,11,452,1,1,180727
2018,1,12,452,1,1,175190
2018,1,13,452,1,1,179841
2018,1,14,452,1,0,161364
2018,1,15,452,1,1,192023
2018,1,16,452,1,1,173640
2018,1,18,452,2,1,112005
2018,1,19,452,2,0,91756
2018,1,20,452,2,1,107259
2018,1,21,452,2,0,101248
2018,1,22,452,2,1,106310
2018,1,23,452,2,1,98337
2018,1,24,452,2,1,107259
2018,1,25,452,2,0,104412
2018,1,26,452,2,1,110107
2018,1,27,452,2,0,85428
2018,1,28,452,2,1,118460
2018,1,29,452,2,1,105361
2018,1,30,452,2,0,88592
2018,1,31,452,2,1,112954
2018,1,32,452,2,1,114410
2018,1,33,452,2,0,98084
2018,1,34,452,2,1,101659
2018,1,35,452,3,0,129724
2018,1,36,452,3,1,151492
2018,1,37,452,3,0,126560
2018,1,38,452,3,1,139437
2018,1,39,452,3,1,134659
2018,1,40,452,3,1,154150
2018,1,41,452,3,1,140481
2018,1,42,452,3,0,129724
2018,1,43,452,3,1,142696
2018,1,44,452,3,1,143076
2018,1,45,452,3,0,132888
2018,1,46,452,3,0,129724
2018,1,47,452,3,0,132888
2018,1,48,452,3,0,132888
2018,1,49,452,3,0,123396
2018,1,50,452,3,1,143076
2018,1,51,452,3,0,126560
2018,1,52,452,3,1,140671
2018,2,1,580,1,0,203000
2018,2,2,580,1,0,207060
2018,2,3,580,1,1,231907
2018,2,4,580,1,1,242260
2018,2,5,580,1,0,198940
2018,2,6,580,1,0,194880
2018,2,7,580,1,1,231907
2018,2,8,580,1,0,198940
2018,2,9,580,1,0,203000
2018,2,10,580,1,1,238119
2018,2,11,580,1,1,226791
2018,2,12,580,1,1,236738
2018,2,13,580,1,0,198940
2018,2,14,580,1,1,237510
2018,2,15,580,1,1,224802
2018,2,16,580,1,1,246401
2018,2,18,580,2,0,133980
2018,2,19,580,2,1,142506
2018,2,20,580,2,0,121800
2018,2,21,580,2,1,130447
2018,2,22,580,2,1,138852
2018,2,23,580,2,0,109620
2018,2,24,580,2,0,125860
2018,2,25,580,2,1,142912
2018,2,26,580,2,1,159436
2018,2,27,580,2,0,129920
2018,2,28,580,2,1,134223
2018,2,29,580,2,0,113680
2018,2,30,580,2,1,145510
2018,2,31,580,2,1,148717
2018,2,32,580,2,0,125860
2018,2,33,580,2,1,141288
2018,2,34,580,2,1,142506
2018,2,35,580,3,0,170520
2018,2,36,580,3,0,170520
2018,2,37,580,3,1,169748
2018,2,38,580,3,1,174255
2018,2,39,580,3,0,170520
2018,2,40,580,3,0,158340
2018,2,41,580,3,0,150220
2018,2,42,580,3,0,170520
2018,2,43,580,3,1,178640
2018,2,44,580,3,1,168246
2018,2,45,580,3,0,150220
2018,2,46,580,3,0,154280
2018,2,47,580,3,1,192687
2018,2,48,580,3,0,162400
2018,2,49,580,3,0,158340
2018,2,50,580,3,1,183674
2018,2,51,580,3,0,150220
2018,2,52,580,3,1,169748
2018,3,1,640,1,1,255360
2018,3,2,640,1,1,248057
2018,3,3,640,1,1,246400
2018,3,4,640,1,0,219520
2018,3,5,640,1,0,228480
2018,3,6,640,1,0,215040
2018,3,7,640,1,1,253120
2018,3,8,640,1,0,224000
2018,3,9,640,1,1,236544
2018,3,10,640,1,0,210560
2018,3,11,640,1,0,228480
2018,3,12,640,1,0,210560
2018,3,13,640,1,1,240844
2018,3,14,640,1,0,219520
2018,3,15,640,1,1,255897
2018,3,16,640,1,1,248057
2018,3,18,640,2,0,134400
2018,3,19,640,2,1,154156
2018,3,20,640,2,1,165580
2018,3,21,640,2,0,138880
2018,3,22,640,2,0,129920
2018,3,23,640,2,1,174451
2018,3,24,640,2,1,137894
2018,3,25,640,2,0,147840
2018,3,26,640,2,0,125440
2018,3,27,640,2,0,129920
2018,3,28,640,2,0,125440
2018,3,29,640,2,1,145510
2018,3,30,640,2,0,147840
2018,3,31,640,2,1,141523
2018,3,32,640,2,1,152006
2018,3,33,640,2,0,125440
2018,3,34,640,2,1,159936
2018,3,35,640,3,1,200883
2018,3,36,640,3,1,214502
2018,3,37,640,3,0,165760
2018,3,38,640,3,1,206169
2018,3,39,640,3,1,187264
2018,3,40,640,3,0,174720
2018,3,41,640,3,0,183680
2018,3,42,640,3,0,188160
2018,3,43,640,3,1,207916
2018,3,44,640,3,1,195686
2018,3,45,640,3,0,188160
2018,3,46,640,3,1,187264
2018,3,47,640,3,0,170240
2018,3,48,640,3,1,212620
2018,3,49,640,3,0,170240
2018,3,50,640,3,0,170240
2018,3,51,640,3,1,209395
2018,3,52,640,3,1,190668
2018,4,1,320,1,1,125440
2018,4,2,320,1,1,116860
2018,4,3,320,1,1,135945
2018,4,4,320,1,1,127948
2018,4,5,320,1,1,129091
2018,4,6,320,1,1,121833
2018,4,7,320,1,0,112000
2018,4,8,320,1,0,112000
2018,4,9,320,1,1,120736
2018,4,10,320,1,0,112000
2018,4,11,320,1,0,109760
2018,4,12,320,1,0,107520
2018,4,13,320,1,0,114240
2018,4,14,320,1,0,109760
2018,4,15,320,1,1,119347
2018,4,16,320,1,1,132160
2018,4,18,320,2,1,72128
2018,4,19,320,2,1,79564
2018,4,20,320,2,1,77078
2018,4,21,320,2,1,76384
2018,4,22,320,2,0,71680
2018,4,23,320,2,1,70246
2018,4,24,320,2,1,74704
2018,4,25,320,2,0,67200
2018,4,26,320,2,1,81312
2018,4,27,320,2,0,71680
2018,4,28,320,2,0,69440
2018,4,29,320,2,0,62720
2018,4,30,320,2,0,69440
2018,4,31,320,2,0,60480
2018,4,32,320,2,0,64960
2018,4,33,320,2,0,71680
2018,4,34,320,2,0,60480
2018,4,35,320,3,1,97888
2018,4,36,320,3,0,82880
2018,4,37,320,3,0,85120
2018,4,38,320,3,0,82880
2018,4,39,320,3,0,85120
2018,4,40,320,3,0,85120
2018,4,41,320,3,0,89600
2018,4,42,320,3,0,85120
2018,4,43,320,3,0,91840
2018,4,44,320,3,0,85120
2018,4,45,320,3,1,108192
2018,4,46,320,3,1,95334
2018,4,47,320,3,1,111955
2018,4,48,320,3,0,85120
2018,4,49,320,3,1,111955
2018,4,50,320,3,1,108371
2018,4,51,320,3,1,98716
2018,4,52,320,3,0,91840
2018,5,1,150,1,0,52500
2018,5,2,150,1,1,57246
2018,5,3,150,1,0,50400
2018,5,4,150,1,1,55944
2018,5,5,150,1,1,61047
2018,5,6,150,1,1,61950
2018,5,7,150,1,1,56595
2018,5,8,150,1,0,50400
2018,5,9,150,1,0,50400
2018,5,10,150,1,1,59325
2018,5,11,150,1,1,57456
2018,5,12,150,1,0,50400
2018,5,13,150,1,0,51450
2018,5,14,150,1,0,53550
2018,5,15,150,1,1,59976
2018,5,16,150,1,0,50400
2018,5,18,150,2,1,33453
2018,5,19,150,2,1,38640
2018,5,20,150,2,0,31500
2018,5,21,150,2,0,34650
2018,5,22,150,2,1,32634
2018,5,23,150,2,0,33600
2018,5,24,150,2,1,40887
2018,5,25,150,2,0,30450
2018,5,26,150,2,1,32886
2018,5,27,150,2,0,34650
2018,5,28,150,2,1,34408
2018,5,29,150,2,1,33453
2018,5,30,150,2,0,28350
2018,5,31,150,2,0,33600
2018,5,32,150,2,1,36540
2018,5,33,150,2,0,32550
2018,5,34,150,2,0,29400
2018,5,35,150,3,1,49833
2018,5,36,150,3,1,47092
2018,5,37,150,3,0,39900
2018,5,38,150,3,0,40950
2018,5,39,150,3,0,42000
2018,5,40,150,3,0,38850
2018,5,41,150,3,1,45087
2018,5,42,150,3,0,39900
2018,5,43,150,3,1,46284
2018,5,44,150,3,1,46683
2018,5,45,150,3,0,39900
2018,5,46,150,3,0,39900
2018,5,47,150,3,1,46620
2018,5,48,150,3,1,46683
2018,5,49,150,3,0,39900
2018,5,50,150,3,0,44100
2018,5,51,150,3,0,38850
2018,5,52,150,3,0,42000
2018,6,1,856,1,1,322129
2018,6,2,856,1,1,339386
2018,6,3,856,1,1,322129
2018,6,4,856,1,1,349393
2018,6,5,856,1,1,338548
2018,6,6,856,1,0,293608
2018,6,7,856,1,1,335132
2018,6,8,856,1,1,347536
2018,6,9,856,1,0,287616
2018,6,10,856,1,1,337649
2018,6,11,856,1,0,293608
2018,6,12,856,1,1,341544
2018,6,13,856,1,1,354486
2018,6,14,856,1,1,332556
2018,6,15,856,1,1,327882
2018,6,16,856,1,0,281624
2018,6,18,856,2,1,229373
2018,6,19,856,2,0,179760
2018,6,20,856,2,0,197736
2018,6,21,856,2,0,179760
2018,6,22,856,2,0,197736
2018,6,23,856,2,1,184433
2018,6,24,856,2,0,173768
2018,6,25,856,2,1,233328
2018,6,26,856,2,1,199653
2018,6,27,856,2,0,161784
2018,6,28,856,2,0,191744
2018,6,29,856,2,1,201331
2018,6,30,856,2,1,186051
2018,6,31,856,2,0,191744
2018,6,32,856,2,0,185752
2018,6,33,856,2,0,167776
2018,6,34,856,2,1,187669
2018,6,35,856,3,0,221704
2018,6,36,856,3,0,221704
2018,6,37,856,3,0,233688
2018,6,38,856,3,1,261730
2018,6,39,856,3,0,233688
2018,6,40,856,3,0,233688
2018,6,41,856,3,0,221704
2018,6,42,856,3,0,239680
2018,6,43,856,3,0,239680
2018,6,44,856,3,1,257056
2018,6,45,856,3,0,239680
2018,6,46,856,3,0,233688
2018,6,47,856,3,0,221704
2018,6,48,856,3,0,245672
2018,6,49,856,3,1,266404
2018,6,50,856,3,1,294446
2018,6,51,856,3,0,245672
2018,6,52,856,3,0,227696
2019,1,1,452,1,0,148708
2019,1,2,452,1,0,158200
2019,1,3,452,1,0,148708
2019,1,4,452,1,0,151872
2019,1,5,452,1,0,158200
2019,1,6,452,1,0,155036
2019,1,7,452,1,1,190409
2019,1,8,452,1,1,168577
2019,1,9,452,1,1,184492
2019,1,10,452,1,0,155036
2019,1,11,452,1,1,188795
2019,1,12,452,1,1,175475
2019,1,13,452,1,0,148708
2019,1,14,452,1,1,172501
2019,1,15,452,1,0,151872
2019,1,16,452,1,0,158200
2019,1,18,452,2,1,118460
2019,1,19,452,2,1,96533
2019,1,20,452,2,0,88592
2019,1,21,452,2,0,104412
2019,1,22,452,2,1,122162
2019,1,23,452,2,1,95679
2019,1,24,452,2,1,109854
2019,1,25,452,2,1,119029
2019,1,26,452,2,1,116435
2019,1,27,452,2,1,99223
2019,1,28,452,2,1,100805
2019,1,29,452,2,0,98084
2019,1,30,452,2,1,124250
2019,1,31,452,2,0,88592
2019,1,32,452,2,0,104412
2019,1,33,452,2,0,88592
2019,1,34,452,2,1,93970
2019,1,35,452,3,1,139437
2019,1,36,452,3,1,132255
2019,1,37,452,3,1,151777
2019,1,38,452,3,1,146588
2019,1,39,452,3,0,117068
2019,1,40,452,3,0,132888
2019,1,41,452,3,0,132888
2019,1,42,452,3,0,117068
2019,1,43,452,3,1,139437
2019,1,44,452,3,1,146588
2019,1,45,452,3,0,126560
2019,1,46,452,3,1,142696
2019,1,47,452,3,0,120232
2019,1,48,452,3,0,117068
2019,1,49,452,3,1,146841
2019,1,50,452,3,0,126560
2019,1,51,452,3,0,126560
2019,1,52,452,3,0,132888
2019,2,1,580,1,0,203000
2019,2,2,580,1,0,194880
2019,2,3,580,1,0,203000
2019,2,4,580,1,0,207060
2019,2,5,580,1,1,242260
2019,2,6,580,1,0,190820
2019,2,7,580,1,0,190820
2019,2,8,580,1,1,224112
2019,2,9,580,1,1,240189
2019,2,10,580,1,0,190820
2019,2,11,580,1,0,207060
2019,2,12,580,1,1,228009
2019,2,13,580,1,1,211810
2019,2,14,580,1,0,207060
2019,2,15,580,1,0,207060
2019,2,16,580,1,0,190820
2019,2,18,580,2,0,133980
2019,2,19,580,2,0,109620
2019,2,20,580,2,1,159436
2019,2,21,580,2,0,121800
2019,2,22,580,2,0,129920
2019,2,23,580,2,0,113680
2019,2,24,580,2,0,117740
2019,2,25,580,2,0,109620
2019,2,26,580,2,0,133980
2019,2,27,580,2,0,109620
2019,2,28,580,2,1,152006
2019,2,29,580,2,1,150707
2019,2,30,580,2,1,153305
2019,2,31,580,2,0,109620
2019,2,32,580,2,0,109620
2019,2,33,580,2,1,142506
2019,2,34,580,2,1,159436
2019,2,35,580,3,0,170520
2019,2,36,580,3,1,189764
2019,2,37,580,3,1,175879
2019,2,38,580,3,1,202918
2019,2,39,580,3,1,180264
2019,2,40,580,3,1,182050
2019,2,41,580,3,0,150220
2019,2,42,580,3,0,154280
2019,2,43,580,3,1,181888
2019,2,44,580,3,0,170520
2019,2,45,580,3,0,162400
2019,2,46,580,3,1,190008
2019,2,47,580,3,0,166460
2019,2,48,580,3,1,182050
2019,2,49,580,3,0,170520
2019,2,50,580,3,1,178964
2019,2,51,580,3,1,183674
2019,2,52,580,3,1,186841
2019,3,1,640,1,1,258182
2019,3,2,640,1,0,210560
2019,3,3,640,1,1,262080
2019,3,4,640,1,1,258182
2019,3,5,640,1,1,237932
2019,3,6,640,1,1,241472
2019,3,7,640,1,0,224000
2019,3,8,640,1,0,219520
2019,3,9,640,1,0,215040
2019,3,10,640,1,1,233721
2019,3,11,640,1,0,215040
2019,3,12,640,1,0,224000
2019,3,13,640,1,0,224000
2019,3,14,640,1,0,210560
2019,3,15,640,1,0,210560
2019,3,16,640,1,0,215040
2019,3,18,640,2,1,171494
2019,3,19,640,2,0,125440
2019,3,20,640,2,1,175929
2019,3,21,640,2,0,125440
2019,3,22,640,2,1,141747
2019,3,23,640,2,1,155545
2019,3,24,640,2,0,125440
2019,3,25,640,2,1,135475
2019,3,26,640,2,0,138880
2019,3,27,640,2,0,125440
2019,3,28,640,2,1,148108
2019,3,29,640,2,0,143360
2019,3,30,640,2,0,120960
2019,3,31,640,2,1,139104
2019,3,32,640,2,0,138880
2019,3,33,640,2,1,158592
2019,3,34,640,2,0,129920
2019,3,35,640,3,1,190668
2019,3,36,640,3,0,188160
2019,3,37,640,3,0,188160
2019,3,38,640,3,1,204288
2019,3,39,640,3,1,195776
2019,3,40,640,3,0,183680
2019,3,41,640,3,0,188160
2019,3,42,640,3,1,197433
2019,3,43,640,3,1,199180
2019,3,44,640,3,0,188160
2019,3,45,640,3,1,209395
2019,3,46,640,3,0,179200
2019,3,47,640,3,1,213068
2019,3,48,640,3,0,179200
2019,3,49,640,3,0,174720
2019,3,50,640,3,1,208857
2019,3,51,640,3,0,174720
2019,3,52,640,3,0,179200
2019,4,1,320,1,1,129920
2019,4,2,320,1,1,129091
2019,4,3,320,1,1,119347
2019,4,4,320,1,1,128419
2019,4,5,320,1,1,125126
2019,4,6,320,1,1,126873
2019,4,7,320,1,0,109760
2019,4,8,320,1,1,129091
2019,4,9,320,1,1,133280
2019,4,10,320,1,1,134803
2019,4,11,320,1,0,107520
2019,4,12,320,1,1,133660
2019,4,13,320,1,0,105280
2019,4,14,320,1,1,127948
2019,4,15,320,1,0,114240
2019,4,16,320,1,0,114240
2019,4,18,320,2,0,73920
2019,4,19,320,2,0,73920
2019,4,20,320,2,1,82633
2019,4,21,320,2,1,74009
2019,4,22,320,2,0,60480
2019,4,23,320,2,0,62720
2019,4,24,320,2,0,69440
2019,4,25,320,2,0,69440
2019,4,26,320,2,0,71680
2019,4,27,320,2,0,64960
2019,4,28,320,2,1,79161
2019,4,29,320,2,0,73920
2019,4,30,320,2,1,86486
2019,4,31,320,2,1,81715
2019,4,32,320,2,0,60480
2019,4,33,320,2,0,64960
2019,4,34,320,2,0,67200
2019,4,35,320,3,1,107452
2019,4,36,320,3,1,99590
2019,4,37,320,3,1,103779
2019,4,38,320,3,1,111014
2019,4,39,320,3,0,94080
2019,4,40,320,3,0,87360
2019,4,41,320,3,1,92825
2019,4,42,320,3,1,103488
2019,4,43,320,3,1,107251
2019,4,44,320,3,0,82880
2019,4,45,320,3,1,91996
2019,4,46,320,3,0,87360
2019,4,47,320,3,0,82880
2019,4,48,320,3,0,82880
2019,4,49,320,3,1,105616
2019,4,50,320,3,0,82880
2019,4,51,320,3,1,101292
2019,4,52,320,3,0,89600
2019,5,1,150,1,1,63189
2019,5,2,150,1,0,49350
2019,5,3,150,1,0,50400
2019,5,4,150,1,1,61425
2019,5,5,150,1,0,53550
2019,5,6,150,1,1,58464
2019,5,7,150,1,1,62475
2019,5,8,150,1,1,60711
2019,5,9,150,1,0,50400
2019,5,10,150,1,0,50400
2019,5,11,150,1,0,50400
2019,5,12,150,1,1,58726
2019,5,13,150,1,0,50400
2019,5,14,150,1,0,50400
2019,5,15,150,1,0,50400
2019,5,16,150,1,0,49350
2019,5,18,150,2,1,37296
2019,5,19,150,2,1,34986
2019,5,20,150,2,0,32550
2019,5,21,150,2,1,33495
2019,5,22,150,2,1,35805
2019,5,23,150,2,0,32550
2019,5,24,150,2,1,34713
2019,5,25,150,2,0,28350
2019,5,26,150,2,0,31500
2019,5,27,150,2,0,31500
2019,5,28,150,2,1,36855
2019,5,29,150,2,1,33799
2019,5,30,150,2,0,29400
2019,5,31,150,2,0,32550
2019,5,32,150,2,1,36456
2019,5,33,150,2,0,33600
2019,5,34,150,2,0,34650
2019,5,35,150,3,0,39900
2019,5,36,150,3,1,47911
2019,5,37,150,3,1,48300
2019,5,38,150,3,1,46273
2019,5,39,150,3,0,38850
2019,5,40,150,3,1,44289
2019,5,41,150,3,1,47355
2019,5,42,150,3,0,39900
2019,5,43,150,3,0,42000
2019,5,44,150,3,1,46620
2019,5,45,150,3,1,45486
2019,5,46,150,3,1,47355
2019,5,47,150,3,0,44100
2019,5,48,150,3,1,50799
2019,5,49,150,3,1,45885
2019,5,50,150,3,1,47481
2019,5,51,150,3,0,43050
2019,5,52,150,3,0,44100
2019,6,1,856,1,1,334713
2019,6,2,856,1,0,305592
2019,6,3,856,1,1,319253
2019,6,4,856,1,0,293608
2019,6,5,856,1,1,330758
2019,6,6,856,1,1,333634
2019,6,7,856,1,1,354486
2019,6,8,856,1,1,309786
2019,6,9,856,1,0,287616
2019,6,10,856,1,1,321051
2019,6,11,856,1,1,331777
2019,6,12,856,1,0,293608
2019,6,13,856,1,0,305592
2019,6,14,856,1,0,287616
2019,6,15,856,1,1,342263
2019,6,16,856,1,0,287616
2019,6,18,856,2,0,161784
2019,6,19,856,2,0,185752
2019,6,20,856,2,0,167776
2019,6,21,856,2,0,167776
2019,6,22,856,2,1,211757
2019,6,23,856,2,0,161784
2019,6,24,856,2,0,161784
2019,6,25,856,2,0,191744
2019,6,26,856,2,0,191744
2019,6,27,856,2,1,208042
2019,6,28,856,2,1,197975
2019,6,29,856,2,1,227396
2019,6,30,856,2,0,179760
2019,6,31,856,2,0,173768
2019,6,32,856,2,1,186051
2019,6,33,856,2,1,217509
2019,6,34,856,2,0,179760
2019,6,35,856,3,1,268681
2019,6,36,856,3,1,282522
2019,6,37,856,3,1,268681
2019,6,38,856,3,0,221704
2019,6,39,856,3,0,245672
2019,6,40,856,3,1,278088
2019,6,41,856,3,1,275751
2019,6,42,856,3,1,275632
2019,6,43,856,3,0,227696
2019,6,44,856,3,1,261610
2019,6,45,856,3,0,239680
2019,6,46,856,3,0,239680
2019,6,47,856,3,0,233688
2019,6,48,856,3,0,251664
2019,6,49,856,3,0,221704
2019,6,50,856,3,1,266404
2019,6,51,856,3,1,289892
2019,6,52,856,3,1,276830
2020,1,1,452,1,0,148708
2020,1,2,452,1,1,174652
2020,1,3,452,1,1,192023
2020,1,4,452,1,0,148708
2020,1,5,452,1,1,178291
2020,1,6,452,1,1,185568
2020,1,7,452,1,0,158200
2020,1,8,452,1,1,173134
2020,1,9,452,1,1,168040
2020,1,10,452,1,1,168040
2020,1,11,452,1,1,170096
2020,1,12,452,1,0,151872
2020,1,13,452,1,0,151872
2020,1,14,452,1,1,175602
2020,1,15,452,1,1,175190
2020,1,16,452,1,1,170096
2020,1,18,452,2,1,113397
2020,1,19,452,2,1,120485
2020,1,20,452,2,1,115739
2020,1,21,452,2,1,116435
2020,1,22,452,2,0,85428
2020,1,23,452,2,1,108208
2020,1,24,452,2,1,124250
2020,1,25,452,2,1,111056
2020,1,26,452,2,0,91756
2020,1,27,452,2,0,104412
2020,1,28,452,2,0,85428
2020,1,29,452,2,1,105361
2020,1,30,452,2,1,112005
2020,1,31,452,2,1,105361
2020,1,32,452,2,0,104412
2020,1,33,452,2,0,85428
2020,1,34,452,2,1,105361
2020,1,35,452,3,0,117068
2020,1,36,452,3,0,120232
2020,1,37,452,3,1,158136
2020,1,38,452,3,0,120232
2020,1,39,452,3,1,147505
2020,1,40,452,3,0,117068
2020,1,41,452,3,0,129724
2020,1,42,452,3,0,129724
2020,1,43,452,3,1,152821
2020,1,44,452,3,0,129724
2020,1,45,452,3,0,132888
2020,1,46,452,3,1,146588
2020,1,47,452,3,0,123396
2020,1,48,452,3,1,135798
2020,1,49,452,3,0,126560
2020,1,50,452,3,1,152821
2020,1,51,452,3,1,150479
2020,1,52,452,3,1,153074
2020,2,1,580,1,0,194880
2020,2,2,580,1,0,194880
2020,2,3,580,1,1,241570
2020,2,4,580,1,1,223300
2020,2,5,580,1,1,239540
2020,2,6,580,1,1,231420
2020,2,7,580,1,1,233450
2020,2,8,580,1,1,221351
2020,2,9,580,1,1,224112
2020,2,10,580,1,0,198940
2020,2,11,580,1,1,222812
2020,2,12,580,1,0,198940
2020,2,13,580,1,0,190820
2020,2,14,580,1,1,229390
2020,2,15,580,1,1,233977
2020,2,16,580,1,0,207060
2020,2,18,580,2,1,148108
2020,2,19,580,2,0,133980
2020,2,20,580,2,1,149773
2020,2,21,580,2,0,121800
2020,2,22,580,2,0,117740
2020,2,23,580,2,1,155416
2020,2,24,580,2,0,113680
2020,2,25,580,2,1,130447
2020,2,26,580,2,0,125860
2020,2,27,580,2,1,126063
2020,2,28,580,2,1,145510
2020,2,29,580,2,1,148514
2020,2,30,580,2,1,126063
2020,2,31,580,2,1,148717
2020,2,32,580,2,0,125860
2020,2,33,580,2,0,117740
2020,2,34,580,2,0,113680
2020,2,35,580,3,0,166460
2020,2,36,580,3,1,193256
2020,2,37,580,3,0,170520
2020,2,38,580,3,0,166460
2020,2,39,580,3,1,183512
2020,2,40,580,3,1,188384
2020,2,41,580,3,0,162400
2020,2,42,580,3,1,183593
2020,2,43,580,3,1,171250
2020,2,44,580,3,1,183674
2020,2,45,580,3,0,150220
2020,2,46,580,3,1,202918
2020,2,47,580,3,1,178640
2020,2,48,580,3,1,183674
2020,2,49,580,3,1,175757
2020,2,50,580,3,0,166460
2020,2,51,580,3,0,166460
2020,2,52,580,3,1,183674
2020,3,1,640,1,1,245862
2020,3,2,640,1,1,262752
2020,3,3,640,1,0,215040
2020,3,4,640,1,0,210560
2020,3,5,640,1,0,219520
2020,3,6,640,1,1,243667
2020,3,7,640,1,0,219520
2020,3,8,640,1,1,253612
2020,3,9,640,1,1,248057
2020,3,10,640,1,0,219520
2020,3,11,640,1,1,253612
2020,3,12,640,1,1,264320
2020,3,13,640,1,1,255897
2020,3,14,640,1,1,250880
2020,3,15,640,1,0,228480
2020,3,16,640,1,0,210560
2020,3,18,640,2,1,157696
2020,3,19,640,2,0,147840
2020,3,20,640,2,0,138880
2020,3,21,640,2,1,148019
2020,3,22,640,2,1,144211
2020,3,23,640,2,0,143360
2020,3,24,640,2,1,150528
2020,3,25,640,2,0,134400
2020,3,26,640,2,0,125440
2020,3,27,640,2,1,139238
2020,3,28,640,2,0,125440
2020,3,29,640,2,0,134400
2020,3,30,640,2,0,129920
2020,3,31,640,2,1,159936
2020,3,32,640,2,1,143001
2020,3,33,640,2,0,134400
2020,3,34,640,2,0,120960
2020,3,35,640,3,0,188160
2020,3,36,640,3,1,218579
2020,3,37,640,3,0,174720
2020,3,38,640,3,0,165760
2020,3,39,640,3,0,188160
2020,3,40,640,3,0,179200
2020,3,41,640,3,0,183680
2020,3,42,640,3,0,188160
2020,3,43,640,3,0,188160
2020,3,44,640,3,1,192371
2020,3,45,640,3,1,183993
2020,3,46,640,3,0,183680
2020,3,47,640,3,0,183680
2020,3,48,640,3,1,213068
2020,3,49,640,3,1,192281
2020,3,50,640,3,0,179200
2020,3,51,640,3,0,174720
2020,3,52,640,3,0,165760
2020,4,1,320,1,1,121833
2020,4,2,320,1,1,120736
2020,4,3,320,1,0,112000
2020,4,4,320,1,0,105280
2020,4,5,320,1,1,128800
2020,4,6,320,1,1,120736
2020,4,7,320,1,0,107520
2020,4,8,320,1,1,120019
2020,4,9,320,1,0,109760
2020,4,10,320,1,0,107520
2020,4,11,320,1,0,112000
2020,4,12,320,1,1,126224
2020,4,13,320,1,0,107520
2020,4,14,320,1,0,112000
2020,4,15,320,1,1,124028
2020,4,16,320,1,0,109760
2020,4,18,320,2,0,69440
2020,4,19,320,2,0,71680
2020,4,20,320,2,1,81244
2020,4,21,320,2,1,74636
2020,4,22,320,2,1,71366
2020,4,23,320,2,0,67200
2020,4,24,320,2,1,77952
2020,4,25,320,2,0,67200
2020,4,26,320,2,0,71680
2020,4,27,320,2,1,75264
2020,4,28,320,2,1,84582
2020,4,29,320,2,0,60480
2020,4,30,320,2,1,74009
2020,4,31,320,2,1,79968
2020,4,32,320,2,1,72105
2020,4,33,320,2,1,69552
2020,4,34,320,2,1,87225
2020,4,35,320,3,1,103936
2020,4,36,320,3,1,111014
2020,4,37,320,3,1,108371
2020,4,38,320,3,1,95334
2020,4,39,320,3,1,105616
2020,4,40,320,3,1,96969
2020,4,41,320,3,0,89600
2020,4,42,320,3,1,105728
2020,4,43,320,3,1,104697
2020,4,44,320,3,1,100441
2020,4,45,320,3,1,110073
2020,4,46,320,3,1,104832
2020,4,47,320,3,0,89600
2020,4,48,320,3,1,99590
2020,4,49,320,3,0,89600
2020,4,50,320,3,1,105616
2020,4,51,320,3,1,104697
2020,4,52,320,3,0,91840
2020,5,1,150,1,1,56448
2020,5,2,150,1,1,58905
2020,5,3,150,1,0,50400
2020,5,4,150,1,1,62653
2020,5,5,150,1,1,58905
2020,5,6,150,1,1,55944
2020,5,7,150,1,1,59167
2020,5,8,150,1,0,51450
2020,5,9,150,1,0,53550
2020,5,10,150,1,0,52500
2020,5,11,150,1,1,59976
2020,5,12,150,1,1,58464
2020,5,13,150,1,1,56952
2020,5,14,150,1,0,50400
2020,5,15,150,1,0,53550
2020,5,16,150,1,1,59976
2020,5,18,150,2,0,33600
2020,5,19,150,2,0,32550
2020,5,20,150,2,0,33600
2020,5,21,150,2,0,29400
2020,5,22,150,2,0,29400
2020,5,23,150,2,0,28350
2020,5,24,150,2,0,34650
2020,5,25,150,2,0,30450
2020,5,26,150,2,0,31500
2020,5,27,150,2,1,33495
2020,5,28,150,2,1,32928
2020,5,29,150,2,0,31500
2020,5,30,150,2,0,32550
2020,5,31,150,2,0,28350
2020,5,32,150,2,1,34650
2020,5,33,150,2,1,32928
2020,5,34,150,2,1,38461
2020,5,35,150,3,0,44100
2020,5,36,150,3,0,39900
2020,5,37,150,3,1,43512
2020,5,38,150,3,0,42000
2020,5,39,150,3,0,42000
2020,5,40,150,3,1,45486
2020,5,41,150,3,0,40950
2020,5,42,150,3,1,48510
2020,5,43,150,3,1,47785
2020,5,44,150,3,1,47911
2020,5,45,150,3,0,42000
2020,5,46,150,3,1,46200
2020,5,47,150,3,1,49507
2020,5,48,150,3,1,47911
2020,5,49,150,3,0,44100
2020,5,50,150,3,0,40950
2020,5,51,150,3,1,46273
2020,5,52,150,3,0,38850
2020,6,1,856,1,1,363654
2020,6,2,856,1,1,334713
2020,6,3,856,1,1,309786
2020,6,4,856,1,0,281624
2020,6,5,856,1,1,338548
2020,6,6,856,1,1,354486
2020,6,7,856,1,0,287616
2020,6,8,856,1,1,354486
2020,6,9,856,1,0,281624
2020,6,10,856,1,1,319253
2020,6,11,856,1,0,305592
2020,6,12,856,1,0,299600
2020,6,13,856,1,0,299600
2020,6,14,856,1,0,299600
2020,6,15,856,1,0,299600
2020,6,16,856,1,0,299600
2020,6,18,856,2,0,173768
2020,6,19,856,2,0,161784
2020,6,20,856,2,0,167776
2020,6,21,856,2,1,226257
2020,6,22,856,2,1,210918
2020,6,23,856,2,0,167776
2020,6,24,856,2,0,179760
2020,6,25,856,2,1,217329
2020,6,26,856,2,0,179760
2020,6,27,856,2,1,216670
2020,6,28,856,2,1,189287
2020,6,29,856,2,0,179760
2020,6,30,856,2,0,197736
2020,6,31,856,2,1,182815
2020,6,32,856,2,0,197736
2020,6,33,856,2,1,181198
2020,6,34,856,2,0,191744
2020,6,35,856,3,0,245672
2020,6,36,856,3,1,266404
2020,6,37,856,3,1,270838
2020,6,38,856,3,0,251664
2020,6,39,856,3,0,233688
2020,6,40,856,3,1,291930
2020,6,41,856,3,0,221704
2020,6,42,856,3,0,245672
2020,6,43,856,3,1,263648
2020,6,44,856,3,1,254959
2020,6,45,856,3,0,227696
2020,6,46,856,3,0,233688
2020,6,47,856,3,1,273235
2020,6,48,856,3,1,289892
2020,6,49,856,3,0,251664
2020,6,50,856,3,1,243874
2020,6,51,856,3,1,280066
2020,6,52,856,3,0,239680
2021,1,1,452,1,1,175602
2021,1,2,452,1,0,148708
2021,1,3,452,1,0,158200
2021,1,4,452,1,0,158200
2021,1,5,452,1,0,155036
2021,1,6,452,1,1,186676
2021,1,7,452,1,0,155036
2021,1,8,452,1,1,185094
2021,1,9,452,1,1,173640
2021,1,10,452,1,1,175475
2021,1,11,452,1,1,182341
2021,1,12,452,1,1,172501
2021,1,13,452,1,0,151872
2021,1,14,452,1,0,158200
2021,1,15,452,1,0,151872
2021,1,16,452,1,0,155036
2021,1,18,452,2,0,101248
2021,1,19,452,2,1,95679
2021,1,20,452,2,0,98084
2021,1,21,452,2,1,101880
2021,1,22,452,2,1,112954
2021,1,23,452,2,0,104412
2021,1,24,452,2,0,104412
2021,1,25,452,2,0,98084
2021,1,26,452,2,1,99223
2021,1,27,452,2,1,120073
2021,1,28,452,2,1,110107
2021,1,29,452,2,0,91756
2021,1,30,452,2,0,101248
2021,1,31,452,2,0,98084
2021,1,32,452,2,0,98084
2021,1,33,452,2,0,88592
2021,1,34,452,2,0,85428
2021,1,35,452,3,0,120232
2021,1,36,452,3,1,128774
2021,1,37,452,3,0,132888
2021,1,38,452,3,0,120232
2021,1,39,452,3,1,133457
2021,1,40,452,3,0,126560
2021,1,41,452,3,1,139437
2021,1,42,452,3,1,145607
2021,1,43,452,3,1,146176
2021,1,44,452,3,1,143076
2021,1,45,452,3,0,123396
2021,1,46,452,3,0,123396
2021,1,47,452,3,1,133457
2021,1,48,452,3,0,129724
2021,1,49,452,3,1,139469
2021,1,50,452,3,0,120232
2021,1,51,452,3,1,158136
2021,1,52,452,3,1,129945
2021,2,1,580,1,0,203000
2021,2,2,580,1,1,242260
2021,2,3,580,1,0,203000
2021,2,4,580,1,0,203000
2021,2,5,580,1,0,194880
2021,2,6,580,1,1,220214
2021,2,7,580,1,0,190820
2021,2,8,580,1,0,190820
2021,2,9,580,1,0,194880
2021,2,10,580,1,0,190820
2021,2,11,580,1,0,198940
2021,2,12,580,1,1,228009
2021,2,13,580,1,0,198940
2021,2,14,580,1,1,220823
2021,2,15,580,1,1,218834
2021,2,16,580,1,1,211810
2021,2,18,580,2,1,139704
2021,2,19,580,2,0,121800
2021,2,20,580,2,0,113680
2021,2,21,580,2,0,117740
2021,2,22,580,2,0,121800
2021,2,23,580,2,0,113680
2021,2,24,580,2,0,125860
2021,2,25,580,2,0,129920
2021,2,26,580,2,0,129920
2021,2,27,580,2,0,109620
2021,2,28,580,2,1,126063
2021,2,29,580,2,1,135198
2021,2,30,580,2,0,121800
2021,2,31,580,2,1,130732
2021,2,32,580,2,0,129920
2021,2,33,580,2,0,133980
2021,2,34,580,2,1,128255
2021,2,35,580,3,1,169748
2021,2,36,580,3,0,150220
2021,2,37,580,3,0,170520
2021,2,38,580,3,0,170520
2021,2,39,580,3,0,158340
2021,2,40,580,3,0,170520
2021,2,41,580,3,1,172753
2021,2,42,580,3,0,154280
2021,2,43,580,3,1,183593
2021,2,44,580,3,0,170520
2021,2,45,580,3,1,197803
2021,2,46,580,3,1,177259
2021,2,47,580,3,1,182091
2021,2,48,580,3,0,150220
2021,2,49,580,3,0,158340
2021,2,50,580,3,1,183106
2021,2,51,580,3,0,150220
2021,2,52,580,3,1,201213
2021,3,1,640,1,0,219520
2021,3,2,640,1,0,228480
2021,3,3,640,1,0,215040
2021,3,4,640,1,0,210560
2021,3,5,640,1,1,266560
2021,3,6,640,1,0,219520
2021,3,7,640,1,1,253747
2021,3,8,640,1,1,251328
2021,3,9,640,1,0,224000
2021,3,10,640,1,1,267321
2021,3,11,640,1,0,215040
2021,3,12,640,1,1,245145
2021,3,13,640,1,1,253612
2021,3,14,640,1,1,250252
2021,3,15,640,1,0,210560
2021,3,16,640,1,1,264320
2021,3,18,640,2,1,154156
2021,3,19,640,2,0,143360
2021,3,20,640,2,0,138880
2021,3,21,640,2,1,166297
2021,3,22,640,2,1,135475
2021,3,23,640,2,0,120960
2021,3,24,640,2,1,161996
2021,3,25,640,2,1,167059
2021,3,26,640,2,1,154604
2021,3,27,640,2,0,138880
2021,3,28,640,2,1,149408
2021,3,29,640,2,0,138880
2021,3,30,640,2,1,169164
2021,3,31,640,2,1,142912
2021,3,32,640,2,1,162489
2021,3,33,640,2,1,149408
2021,3,34,640,2,0,129920
2021,3,35,640,3,1,197433
2021,3,36,640,3,1,197478
2021,3,37,640,3,1,183993
2021,3,38,640,3,0,179200
2021,3,39,640,3,0,165760
2021,3,40,640,3,0,179200
2021,3,41,640,3,1,222028
2021,3,42,640,3,1,190624
2021,3,43,640,3,0,188160
2021,3,44,640,3,0,165760
2021,3,45,640,3,1,195596
2021,3,46,640,3,0,170240
2021,3,47,640,3,0,174720
2021,3,48,640,3,1,199180
2021,3,49,640,3,0,174720
2021,3,50,640,3,1,202585
2021,3,51,640,3,0,165760
2021,3,52,640,3,1,214502
2021,4,1,320,1,1,121072
2021,4,2,320,1,0,107520
2021,4,3,320,1,1,123200
2021,4,4,320,1,0,114240
2021,4,5,320,1,1,122124
2021,4,6,320,1,1,123177
2021,4,7,320,1,0,109760
2021,4,8,320,1,1,132160
2021,4,9,320,1,1,127321
2021,4,10,320,1,0,107520
2021,4,11,320,1,1,133660
2021,4,12,320,1,0,109760
2021,4,13,320,1,1,123648
2021,4,14,320,1,1,133280
2021,4,15,320,1,1,122124
2021,4,16,320,1,0,114240
2021,4,18,320,2,1,80281
2021,4,19,320,2,1,84582
2021,4,20,320,2,1,73382
2021,4,21,320,2,1,68947
2021,4,22,320,2,1,87964
2021,4,23,320,2,0,69440
2021,4,24,320,2,1,70156
2021,4,25,320,2,1,79296
2021,4,26,320,2,1,68342
2021,4,27,320,2,1,74592
2021,4,28,320,2,0,60480
2021,4,29,320,2,0,62720
2021,4,30,320,2,0,62720
2021,4,31,320,2,1,77302
2021,4,32,320,2,0,60480
2021,4,33,320,2,1,73404
2021,4,34,320,2,1,71366
2021,4,35,320,3,1,96969
2021,4,36,320,3,1,103084
2021,4,37,320,3,0,94080
2021,4,38,320,3,1,97888
2021,4,39,320,3,1,96969
2021,4,40,320,3,0,94080
2021,4,41,320,3,0,82880
2021,4,42,320,3,1,103488
2021,4,43,320,3,0,94080
2021,4,44,320,3,1,93632
2021,4,45,320,3,0,82880
2021,4,46,320,3,0,89600
2021,4,47,320,3,0,94080
2021,4,48,320,3,1,99456
2021,4,49,320,3,1,100464
2021,4,50,320,3,0,91840
2021,4,51,320,3,1,104697
2021,4,52,320,3,0,89600
2021,5,1,150,1,1,60511
2021,5,2,150,1,0,50400
2021,5,3,150,1,0,52500
2021,5,4,150,1,1,56595
2021,5,5,150,1,0,51450
2021,5,6,150,1,0,51450
2021,5,7,150,1,0,49350
2021,5,8,150,1,0,49350
2021,5,9,150,1,0,50400
2021,5,10,150,1,0,53550
2021,5,11,150,1,1,58726
2021,5,12,150,1,0,52500
2021,5,13,150,1,0,53550
2021,5,14,150,1,0,50400
2021,5,15,150,1,1,59976
2021,5,16,150,1,1,54285
2021,5,18,150,2,1,35595
2021,5,19,150,2,0,31500
2021,5,20,150,2,0,33600
2021,5,21,150,2,0,28350
2021,5,22,150,2,0,32550
2021,5,23,150,2,0,34650
2021,5,24,150,2,0,28350
2021,5,25,150,2,1,33810
2021,5,26,150,2,1,36225
2021,5,27,150,2,0,34650
2021,5,28,150,2,0,34650
2021,5,29,150,2,1,40887
2021,5,30,150,2,0,34650
2021,5,31,150,2,0,33600
2021,5,32,150,2,0,31500
2021,5,33,150,2,1,36781
2021,5,34,150,2,1,36130
2021,5,35,150,3,1,45045
2021,5,36,150,3,1,47082
2021,5,37,150,3,1,45045
2021,5,38,150,3,1,43900
2021,5,39,150,3,1,48510
2021,5,40,150,3,1,48951
2021,5,41,150,3,0,43050
2021,5,42,150,3,0,40950
2021,5,43,150,3,0,38850
2021,5,44,150,3,1,52479
2021,5,45,150,3,1,52038
2021,5,46,150,3,1,43123
2021,5,47,150,3,1,42735
2021,5,48,150,3,1,48951
2021,5,49,150,3,1,44289
2021,5,50,150,3,1,49392
2021,5,51,150,3,0,38850
2021,5,52,150,3,1,47502
2021,6,1,856,1,0,293608
2021,6,2,856,1,0,305592
2021,6,3,856,1,0,305592
2021,6,4,856,1,0,293608
2021,6,5,856,1,1,350532
2021,6,6,856,1,1,346457
2021,6,7,856,1,1,329560
2021,6,8,856,1,1,329560
2021,6,9,856,1,0,299600
2021,6,10,856,1,1,318235
2021,6,11,856,1,1,343521
2021,6,12,856,1,0,281624
2021,6,13,856,1,0,299600
2021,6,14,856,1,1,322968
2021,6,15,856,1,0,293608
2021,6,16,856,1,1,326683
2021,6,18,856,2,1,201570
2021,6,19,856,2,1,219187
2021,6,20,856,2,0,173768
2021,6,21,856,2,1,217329
2021,6,22,856,2,0,191744
2021,6,23,856,2,0,161784
2021,6,24,856,2,0,191744
2021,6,25,856,2,1,218588
2021,6,26,856,2,1,219187
2021,6,27,856,2,0,161784
2021,6,28,856,2,0,167776
2021,6,29,856,2,0,173768
2021,6,30,856,2,1,199653
2021,6,31,856,2,1,233328
2021,6,32,856,2,1,213614
2021,6,33,856,2,0,185752
2021,6,34,856,2,0,161784
2021,6,35,856,3,0,239680
2021,6,36,856,3,1,257176
2021,6,37,856,3,1,268741
2021,6,38,856,3,1,252742
2021,6,39,856,3,1,266044
2021,6,40,856,3,1,286896
2021,6,41,856,3,0,233688
2021,6,42,856,3,0,251664
2021,6,43,856,3,1,289892
2021,6,44,856,3,0,245672
2021,6,45,856,3,0,227696
2021,6,46,856,3,0,233688
2021,6,47,856,3,1,268441
2021,6,48,856,3,1,272695
2021,6,49,856,3,1,281863
2021,6,50,856,3,0,233688
2021,6,51,856,3,0,221704
2021,6,52,856,3,0,239680
2022,1,1,452,1,0,151872
2022,1,2,452,1,1,188258
2022,1,3,452,1,1,185568
2022,1,4,452,1,1,167059
2022,1,5,452,1,0,155036
2022,1,6,452,1,0,158200
2022,1,7,452,1,0,161364
2022,1,8,452,1,1,181392
2022,1,9,452,1,0,151872
2022,1,10,452,1,0,148708
2022,1,11,452,1,1,177690
2022,1,12,452,1,0,161364
2022,1,13,452,1,0,151872
2022,1,14,452,1,1,187182
2022,1,15,452,1,1,179208
2022,1,16,452,1,1,185568
2022,1,18,452,2,1,97451
2022,1,19,452,2,0,91756
2022,1,20,452,2,0,85428
2022,1,21,452,2,0,91756
2022,1,22,452,2,0,88592
2022,1,23,452,2,1,114758
2022,1,24,452,2,1,123206
2022,1,25,452,2,0,94920
2022,1,26,452,2,0,104412
2022,1,27,452,2,1,115739
2022,1,28,452,2,1,112796
2022,1,29,452,2,1,100994
2022,1,30,452,2,1,114853
2022,1,31,452,2,0,85428
2022,1,32,452,2,0,101248
2022,1,33,452,2,1,101849
2022,1,34,452,2,1,112005
2022,1,35,452,3,0,126560
2022,1,36,452,3,1,139437
2022,1,37,452,3,0,117068
2022,1,38,452,3,1,146809
2022,1,39,452,3,1,150606
2022,1,40,452,3,0,117068
2022,1,41,452,3,1,143993
2022,1,42,452,3,1,153074
2022,1,43,452,3,1,156807
2022,1,44,452,3,1,134659
2022,1,45,452,3,1,132286
2022,1,46,452,3,0,132888
2022,1,47,452,3,1,145607
2022,1,48,452,3,0,123396
2022,1,49,452,3,1,146841
2022,1,50,452,3,0,117068
2022,1,51,452,3,0,126560
2022,1,52,452,3,1,138266
2022,2,1,580,1,0,207060
2022,2,2,580,1,1,220214
2022,2,3,580,1,0,194880
2022,2,4,580,1,1,227075
2022,2,5,580,1,1,246401
2022,2,6,580,1,0,198940
2022,2,7,580,1,1,236738
2022,2,8,580,1,1,218834
2022,2,9,580,1,0,194880
2022,2,10,580,1,1,235480
2022,2,11,580,1,1,232759
2022,2,12,580,1,0,203000
2022,2,13,580,1,1,227075
2022,2,14,580,1,1,239540
2022,2,15,580,1,0,198940
2022,2,16,580,1,1,224802
2022,2,18,580,2,1,159436
2022,2,19,580,2,1,149773
2022,2,20,580,2,0,129920
2022,2,21,580,2,1,144942
2022,2,22,580,2,0,121800
2022,2,23,580,2,1,126063
2022,2,24,580,2,0,125860
2022,2,25,580,2,0,117740
2022,2,26,580,2,0,129920
2022,2,27,580,2,1,142506
2022,2,28,580,2,0,125860
2022,2,29,580,2,0,109620
2022,2,30,580,2,0,113680
2022,2,31,580,2,1,159436
2022,2,32,580,2,0,133980
2022,2,33,580,2,0,117740
2022,2,34,580,2,0,133980
2022,2,35,580,3,1,185257
2022,2,36,580,3,1,202918
2022,2,37,580,3,1,190008
2022,2,38,580,3,1,183593
2022,2,39,580,3,1,168246
2022,2,40,580,3,1,202918
2022,2,41,580,3,1,177259
2022,2,42,580,3,1,191632
2022,2,43,580,3,0,158340
2022,2,44,580,3,0,166460
2022,2,45,580,3,1,186435
2022,2,46,580,3,0,170520
2022,2,47,580,3,1,178640
2022,2,48,580,3,1,174174
2022,2,49,580,3,0,166460
2022,2,50,580,3,0,158340
2022,2,51,580,3,1,178924
2022,2,52,580,3,1,169708
2022,3,1,640,1,1,246400
2022,3,2,640,1,0,219520
2022,3,3,640,1,0,224000
2022,3,4,640,1,0,210560
2022,3,5,640,1,0,210560
2022,3,6,640,1,1,255897
2022,3,7,640,1,0,215040
2022,3,8,640,1,0,224000
2022,3,9,640,1,0,215040
2022,3,10,640,1,1,251328
2022,3,11,640,1,0,224000
2022,3,12,640,1,0,215040
2022,3,13,640,1,1,253612
2022,3,14,640,1,1,254643
2022,3,15,640,1,1,249446
2022,3,16,640,1,0,215040
2022,3,18,640,2,1,153216
2022,3,19,640,2,0,134400
2022,3,20,640,2,0,143360
2022,3,21,640,2,0,129920
2022,3,22,640,2,1,157248
2022,3,23,640,2,0,134400
2022,3,24,640,2,1,163430
2022,3,25,640,2,1,165580
2022,3,26,640,2,0,134400
2022,3,27,640,2,0,120960
2022,3,28,640,2,0,147840
2022,3,29,640,2,1,163430
2022,3,30,640,2,1,154156
2022,3,31,640,2,0,147840
2022,3,32,640,2,0,134400
2022,3,33,640,2,0,138880
2022,3,34,640,2,0,138880
2022,3,35,640,3,1,202048
2022,3,36,640,3,1,203884
2022,3,37,640,3,1,214905
2022,3,38,640,3,0,165760
2022,3,39,640,3,1,194073
2022,3,40,640,3,0,174720
2022,3,41,640,3,0,179200
2022,3,42,640,3,0,174720
2022,3,43,640,3,0,170240
2022,3,44,640,3,0,165760
2022,3,45,640,3,1,192371
2022,3,46,640,3,0,188160
2022,3,47,640,3,0,183680
2022,3,48,640,3,1,202585
2022,3,49,640,3,1,218265
2022,3,50,640,3,0,183680
2022,3,51,640,3,1,193939
2022,3,52,640,3,0,179200
2022,4,1,320,1,1,123177
2022,4,2,320,1,1,135945
2022,4,3,320,1,1,120736
2022,4,4,320,1,0,114240
2022,4,5,320,1,0,107520
2022,4,6,320,1,1,125126
2022,4,7,320,1,0,107520
2022,4,8,320,1,1,118966
2022,4,9,320,1,1,126806
2022,4,10,320,1,1,122124
2022,4,11,320,1,0,107520
2022,4,12,320,1,0,109760
2022,4,13,320,1,0,105280
2022,4,14,320,1,0,107520
2022,4,15,320,1,0,109760
2022,4,16,320,1,1,126806
2022,4,18,320,2,1,82790
2022,4,19,320,2,1,79968
2022,4,20,320,2,0,71680
2022,4,21,320,2,0,67200
2022,4,22,320,2,1,86486
2022,4,23,320,2,0,64960
2022,4,24,320,2,1,73920
2022,4,25,320,2,1,83865
2022,4,26,320,2,1,81939
2022,4,27,320,2,0,71680
2022,4,28,320,2,0,67200
2022,4,29,320,2,1,79161
2022,4,30,320,2,1,85747
2022,4,31,320,2,1,79968
2022,4,32,320,2,0,60480
2022,4,33,320,2,1,80998
2022,4,34,320,2,0,73920
2022,4,35,320,3,0,82880
2022,4,36,320,3,0,87360
2022,4,37,320,3,0,87360
2022,4,38,320,3,1,98739
2022,4,39,320,3,0,94080
2022,4,40,320,3,0,82880
2022,4,41,320,3,1,95312
2022,4,42,320,3,0,82880
2022,4,43,320,3,1,103040
2022,4,44,320,3,1,103488
2022,4,45,320,3,0,87360
2022,4,46,320,3,0,82880
2022,4,47,320,3,0,85120
2022,4,48,320,3,0,91840
2022,4,49,320,3,0,94080
2022,4,50,320,3,1,111955
2022,4,51,320,3,1,101337
2022,4,52,320,3,0,82880
2022,5,1,150,1,1,60900
2022,5,2,150,1,1,57456
2022,5,3,150,1,1,59325
2022,5,4,150,1,1,61582
2022,5,5,150,1,1,54285
2022,5,6,150,1,0,51450
2022,5,7,150,1,1,55944
2022,5,8,150,1,0,50400
2022,5,9,150,1,1,58905
2022,5,10,150,1,0,52500
2022,5,11,150,1,0,49350
2022,5,12,150,1,1,60900
2022,5,13,150,1,0,49350
2022,5,14,150,1,1,60375
2022,5,15,150,1,0,51450
2022,5,16,150,1,0,52500
2022,5,18,150,2,1,36130
2022,5,19,150,2,0,31500
2022,5,20,150,2,0,30450
2022,5,21,150,2,1,33169
2022,5,22,150,2,1,40540
2022,5,23,150,2,0,32550
2022,5,24,150,2,0,32550
2022,5,25,150,2,1,38640
2022,5,26,150,2,1,34986
2022,5,27,150,2,1,36225
2022,5,28,150,2,1,35322
2022,5,29,150,2,1,34713
2022,5,30,150,2,1,33799
2022,5,31,150,2,1,39984
2022,5,32,150,2,0,34650
2022,5,33,150,2,1,33222
2022,5,34,150,2,0,32550
2022,5,35,150,3,0,39900
2022,5,36,150,3,1,45045
2022,5,37,150,3,1,45087
2022,5,38,150,3,0,44100
2022,5,39,150,3,0,44100
2022,5,40,150,3,0,42000
2022,5,41,150,3,0,44100
2022,5,42,150,3,1,51229
2022,5,43,150,3,0,44100
2022,5,44,150,3,1,47502
2022,5,45,150,3,1,48216
2022,5,46,150,3,1,50274
2022,5,47,150,3,0,39900
2022,5,48,150,3,1,46683
2022,5,49,150,3,1,42735
2022,5,50,150,3,1,49077
2022,5,51,150,3,1,44289
2022,5,52,150,3,1,43512
2022,6,1,856,1,0,293608
2022,6,2,856,1,0,305592
2022,6,3,856,1,0,305592
2022,6,4,856,1,0,305592
2022,6,5,856,1,1,336510
2022,6,6,856,1,0,287616
2022,6,7,856,1,0,281624
2022,6,8,856,1,0,293608
2022,6,9,856,1,1,332316
2022,6,10,856,1,0,287616
2022,6,11,856,1,0,281624
2022,6,12,856,1,1,346457
2022,6,13,856,1,0,299600
2022,6,14,856,1,1,342263
2022,6,15,856,1,0,299600
2022,6,16,856,1,0,281624
2022,6,18,856,2,1,192522
2022,6,19,856,2,0,167776
2022,6,20,856,2,1,182815
2022,6,21,856,2,1,214753
2022,6,22,856,2,0,167776
2022,6,23,856,2,0,167776
2022,6,24,856,2,1,213614
2022,6,25,856,2,0,185752
2022,6,26,856,2,0,179760
2022,6,27,856,2,1,197975
2022,6,28,856,2,0,173768
2022,6,29,856,2,1,229373
2022,6,30,856,2,1,194620
2022,6,31,856,2,0,173768
2022,6,32,856,2,1,222423
2022,6,33,856,2,1,206184
2022,6,34,856,2,0,167776
2022,6,35,856,3,0,221704
2022,6,36,856,3,0,245672
2022,6,37,856,3,1,268681
2022,6,38,856,3,1,277609
2022,6,39,856,3,1,271078
2022,6,40,856,3,0,233688
2022,6,41,856,3,1,276830
2022,6,42,856,3,1,271078
2022,6,43,856,3,1,271078
2022,6,44,856,3,1,250525
2022,6,45,856,3,1,287436
2022,6,46,856,3,0,245672
2022,6,47,856,3,1,285219
2022,6,48,856,3,1,284979
2022,6,49,856,3,1,257296
2022,6,50,856,3,0,233688
2022,6,51,856,3,1,284979
2022,6,52,856,3,0,221704
