Year,Ward,Week,People in Ward,Festive Season,Construction,Electricity Usage
2015,1,1,452,0,1,171331
2015,1,2,452,0,1,196134
2015,1,3,452,0,0,149523
2015,1,4,452,0,1,186024
2015,1,5,452,0,1,167525
2015,1,6,452,0,1,196707
2015,1,7,452,0,0,166131
2015,1,8,452,0,0,165440
2015,1,9,452,0,1,182725
2015,1,10,452,0,1,177491
2015,1,11,452,0,0,152492
2015,1,12,452,0,0,160320
2015,1,13,452,0,1,172771
2015,1,14,452,0,1,169754
2015,1,15,452,0,0,150970
2015,1,16,452,0,0,159955
2015,1,35,452,0,1,148920
2015,1,36,452,0,0,117713
2015,1,37,452,0,0,121623
2015,1,38,452,0,0,135188
2015,1,39,452,0,1,142026
2015,1,40,452,0,0,132869
2015,1,41,452,1,1,264919
2015,1,42,452,1,0,130757
2015,1,43,452,0,0,129499
2015,1,44,452,0,0,122220
2015,1,45,452,1,1,563877
2015,1,46,452,0,0,125807
2015,1,47,452,0,0,129444
2015,1,48,452,1,0,131962
2015,1,49,452,0,1,145008
2015,1,50,452,0,1,145513
2015,1,51,452,0,1,135472
2015,1,52,452,1,1,279479
2015,1,18,452,0,1,102552
2015,1,19,452,0,0,102981
2015,1,20,452,0,1,105964
2015,1,21,452,0,1,114433
2015,1,22,452,0,0,89951
2015,1,23,452,0,1,106119
2015,1,24,452,0,0,102376
2015,1,25,452,0,0,87092
2015,1,26,452,0,0,98060
2015,1,27,452,0,0,92369
2015,1,28,452,0,0,93674
2015,1,29,452,0,1,113006
2015,1,30,452,0,0,87928
2015,1,31,452,0,1,115327
2015,1,32,452,0,0,100483
2015,1,33,452,0,0,88162
2015,1,34,452,0,0,105881
2015,2,1,580,0,0,199587
2015,2,2,580,0,1,229485
2015,2,3,580,0,0,203781
2015,2,4,580,0,0,203741
2015,2,5,580,0,1,249017
2015,2,6,580,0,0,201934
2015,2,7,580,0,1,240865
2015,2,8,580,0,1,224140
2015,2,9,580,0,0,209413
2015,2,10,580,0,0,200801
2015,2,11,580,0,1,247237
2015,2,12,580,0,0,213343
2015,2,13,580,0,0,202423
2015,2,14,580,0,1,243648
2015,2,15,580,0,0,208265
2015,2,16,580,0,1,225537
2015,2,35,580,0,1,186344
2015,2,36,580,0,1,191301
2015,2,37,580,0,0,152097
2015,2,38,580,0,1,182068
2015,2,39,580,0,0,155791
2015,2,40,580,0,0,157648
2015,2,41,580,1,0,156434
2015,2,42,580,1,1,458330
2015,2,43,580,0,1,188876
2015,2,44,580,0,1,195441
2015,2,45,580,1,1,357594
2015,2,46,580,0,0,162316
2015,2,47,580,0,0,174010
2015,2,48,580,1,0,157227
2015,2,49,580,0,1,190104
2015,2,50,580,0,0,170520
2015,2,51,580,0,1,192498
2015,2,52,580,1,1,876403
2015,2,18,580,0,0,127959
2015,2,19,580,0,1,125330
2015,2,20,580,0,1,124916
2015,2,21,580,0,0,109922
2015,2,22,580,0,1,133243
2015,2,23,580,0,0,124960
2015,2,24,580,0,0,128353
2015,2,25,580,0,1,148721
2015,2,26,580,0,1,122299
2015,2,27,580,0,0,133194
2015,2,28,580,0,1,127991
2015,2,29,580,0,0,130794
2015,2,30,580,0,0,130105
2015,2,31,580,0,1,131719
2015,2,32,580,0,0,112848
2015,2,33,580,0,0,126807
2015,2,34,580,0,0,134190
2015,3,1,640,0,0,233294
2015,3,2,640,0,1,265459
2015,3,3,640,0,1,257400
2015,3,4,640,0,1,246186
2015,3,5,640,0,0,223085
2015,3,6,640,0,1,248635
2015,3,7,640,0,1,257954
2015,3,8,640,0,1,250540
2015,3,9,640,0,0,227524
2015,3,10,640,0,1,245130
2015,3,11,640,0,0,215659
2015,3,12,640,0,0,217683
2015,3,13,640,0,1,264478
2015,3,14,640,0,0,227811
2015,3,15,640,0,0,232707
2015,3,16,640,0,1,250958
2015,3,35,640,0,0,179718
2015,3,36,640,0,1,213200
2015,3,37,640,0,1,207032
2015,3,38,640,0,0,166524
2015,3,39,640,0,0,170975
2015,3,40,640,0,0,170582
2015,3,41,640,1,1,854833
2015,3,42,640,1,0,178889
2015,3,43,640,0,1,200614
2015,3,44,640,0,1,190268
2015,3,45,640,1,1,499160
2015,3,46,640,0,1,197672
2015,3,47,640,0,1,218994
2015,3,48,640,1,1,460733
2015,3,49,640,0,0,171165
2015,3,50,640,0,0,166126
2015,3,51,640,0,0,176518
2015,3,52,640,1,1,240718
2015,3,18,640,0,1,152207
2015,3,19,640,0,0,136404
2015,3,20,640,0,0,143235
2015,3,21,640,0,1,156466
2015,3,22,640,0,0,130099
2015,3,23,640,0,1,142144
2015,3,24,640,0,0,141986
2015,3,25,640,0,1,158430
2015,3,26,640,0,0,130226
2015,3,27,640,0,1,144624
2015,3,28,640,0,1,155607
2015,3,29,640,0,1,148654
2015,3,30,640,0,1,142135
2015,3,31,640,0,1,149403
2015,3,32,640,0,0,141230
2015,3,33,640,0,1,138686
2015,3,34,640,0,1,132007
2015,4,1,320,0,0,111549
2015,4,2,320,0,1,129336
2015,4,3,320,0,1,118188
2015,4,4,320,0,1,121749
2015,4,5,320,0,1,127540
2015,4,6,320,0,0,105830
2015,4,7,320,0,0,114508
2015,4,8,320,0,1,129767
2015,4,9,320,0,0,118460
2015,4,10,320,0,0,110991
2015,4,11,320,0,0,117487
2015,4,12,320,0,0,116658
2015,4,13,320,0,0,111762
2015,4,14,320,0,1,127681
2015,4,15,320,0,0,108467
2015,4,16,320,0,1,126113
2015,4,35,320,0,0,89317
2015,4,36,320,0,0,87286
2015,4,37,320,0,1,104738
2015,4,38,320,0,0,88822
2015,4,39,320,0,1,98835
2015,4,40,320,0,1,96574
2015,4,41,320,1,0,92539
2015,4,42,320,1,1,464569
2015,4,43,320,0,0,90093
2015,4,44,320,0,0,85249
2015,4,45,320,1,0,87566
2015,4,46,320,0,1,103038
2015,4,47,320,0,0,88182
2015,4,48,320,1,1,380531
2015,4,49,320,0,1,95249
2015,4,50,320,0,1,102033
2015,4,51,320,0,0,86031
2015,4,52,320,1,0,84562
2015,4,18,320,0,0,67627
2015,4,19,320,0,0,65270
2015,4,20,320,0,0,73092
2015,4,21,320,0,0,68671
2015,4,22,320,0,0,75513
2015,4,23,320,0,1,76754
2015,4,24,320,0,1,65843
2015,4,25,320,0,0,75570
2015,4,26,320,0,1,77461
2015,4,27,320,0,0,68376
2015,4,28,320,0,0,65621
2015,4,29,320,0,0,65097
2015,4,30,320,0,0,72709
2015,4,31,320,0,1,82092
2015,4,32,320,0,0,67351
2015,4,33,320,0,1,78539
2015,4,34,320,0,1,66259
2015,5,1,150,0,1,59876
2015,5,2,150,0,1,59623
2015,5,3,150,0,1,59140
2015,5,4,150,0,1,60465
2015,5,5,150,0,0,51480
2015,5,6,150,0,0,51633
2015,5,7,150,0,0,52337
2015,5,8,150,0,1,55931
2015,5,9,150,0,1,62123
2015,5,10,150,0,1,56417
2015,5,11,150,0,1,59649
2015,5,12,150,0,0,55311
2015,5,13,150,0,0,53514
2015,5,14,150,0,1,64514
2015,5,15,150,0,0,50172
2015,5,16,150,0,1,55669
2015,5,35,150,0,1,51764
2015,5,36,150,0,1,46098
2015,5,37,150,0,1,46040
2015,5,38,150,0,1,50512
2015,5,39,150,0,1,48429
2015,5,40,150,0,0,42698
2015,5,41,150,1,0,39480
2015,5,42,150,1,0,43648
2015,5,43,150,0,1,46698
2015,5,44,150,0,0,41376
2015,5,45,150,1,1,118321
2015,5,46,150,0,0,40934
2015,5,47,150,0,0,42385
2015,5,48,150,1,1,134867
2015,5,49,150,0,1,47226
2015,5,50,150,0,0,39104
2015,5,51,150,0,0,43527
2015,5,52,150,1,0,44867
2015,5,18,150,0,1,37943
2015,5,19,150,0,0,35088
2015,5,20,150,0,1,37528
2015,5,21,150,0,1,35400
2015,5,22,150,0,1,31312
2015,5,23,150,0,0,29065
2015,5,24,150,0,0,33198
2015,5,25,150,0,1,38968
2015,5,26,150,0,0,32498
2015,5,27,150,0,0,35342
2015,5,28,150,0,1,38211
2015,5,29,150,0,1,30989
2015,5,30,150,0,0,31173
2015,5,31,150,0,1,35593
2015,5,32,150,0,0,31685
2015,5,33,150,0,0,29515
2015,5,34,150,0,1,37396
2015,6,1,856,0,1,374270
2015,6,2,856,0,0,315851
2015,6,3,856,0,1,363392
2015,6,4,856,0,1,358315
2015,6,5,856,0,0,311383
2015,6,6,856,0,0,288117
2015,6,7,856,0,1,348845
2015,6,8,856,0,1,329940
2015,6,9,856,0,1,339534
2015,6,10,856,0,1,336611
2015,6,11,856,0,0,314874
2015,6,12,856,0,1,360973
2015,6,13,856,0,1,334765
2015,6,14,856,0,1,321702
2015,6,15,856,0,0,294797
2015,6,16,856,0,0,309736
2015,6,35,856,0,1,302022
2015,6,36,856,0,1,266660
2015,6,37,856,0,1,284709
2015,6,38,856,0,0,230513
2015,6,39,856,0,1,280341
2015,6,40,856,0,1,276864
2015,6,41,856,1,1,1106799
2015,6,42,856,1,0,240913
2015,6,43,856,0,1,268101
2015,6,44,856,0,0,225434
2015,6,45,856,1,0,243572
2015,6,46,856,0,1,288053
2015,6,47,856,0,1,284039
2015,6,48,856,1,1,503352
2015,6,49,856,0,1,264964
2015,6,50,856,0,1,288726
2015,6,51,856,0,1,269708
2015,6,52,856,1,1,1121395
2015,6,18,856,0,0,167467
2015,6,19,856,0,1,198140
2015,6,20,856,0,1,225109
2015,6,21,856,0,0,194833
2015,6,22,856,0,0,183218
2015,6,23,856,0,1,178614
2015,6,24,856,0,1,175839
2015,6,25,856,0,1,183223
2015,6,26,856,0,1,189535
2015,6,27,856,0,0,181537
2015,6,28,856,0,0,164354
2015,6,29,856,0,0,163379
2015,6,30,856,0,1,210743
2015,6,31,856,0,1,191784
2015,6,32,856,0,0,179585
2015,6,33,856,0,0,195502
2015,6,34,856,0,0,193862
2016,1,1,452,0,1,176435
2016,1,2,452,0,0,166174
2016,1,3,452,0,1,189853
2016,1,4,452,0,1,183631
2016,1,5,452,0,1,176563
2016,1,6,452,0,0,155041
2016,1,7,452,0,0,167018
2016,1,8,452,0,0,156082
2016,1,9,452,0,1,171560
2016,1,10,452,0,1,174124
2016,1,11,452,0,0,164196
2016,1,12,452,0,1,191318
2016,1,13,452,0,0,158524
2016,1,14,452,0,0,164831
2016,1,15,452,0,1,196748
2016,1,16,452,0,1,180785
2016,1,35,452,0,1,148132
2016,1,36,452,0,1,150071
2016,1,37,452,0,0,129115
2016,1,38,452,0,1,134237
2016,1,39,452,0,0,123919
2016,1,40,452,0,1,156601
2016,1,41,452,1,1,236519
2016,1,42,452,1,0,135702
2016,1,43,452,0,1,152575
2016,1,44,452,0,1,145870
2016,1,45,452,1,0,135578
2016,1,46,452,0,0,129110
2016,1,47,452,0,1,144008
2016,1,48,452,1,1,403749
2016,1,49,452,0,1,134802
2016,1,50,452,0,0,127829
2016,1,51,452,0,0,131010
2016,1,52,452,1,0,123660
2016,1,18,452,0,1,99090
2016,1,19,452,0,0,98184
2016,1,20,452,0,1,113747
2016,1,21,452,0,0,91074
2016,1,22,452,0,0,99214
2016,1,23,452,0,1,108296
2016,1,24,452,0,0,86543
2016,1,25,452,0,1,100312
2016,1,26,452,0,1,109980
2016,1,27,452,0,0,88632
2016,1,28,452,0,0,93903
2016,1,29,452,0,0,91226
2016,1,30,452,0,0,85552
2016,1,31,452,0,1,107452
2016,1,32,452,0,0,101276
2016,1,33,452,0,1,113714
2016,1,34,452,0,0,89888
2016,2,1,580,0,0,211918
2016,2,2,580,0,0,196680
2016,2,3,580,0,1,252883
2016,2,4,580,0,0,200299
2016,2,5,580,0,1,238263
2016,2,6,580,0,0,211501
2016,2,7,580,0,1,247127
2016,2,8,580,0,1,231057
2016,2,9,580,0,0,205043
2016,2,10,580,0,0,207572
2016,2,11,580,0,1,224048
2016,2,12,580,0,0,212604
2016,2,13,580,0,0,206544
2016,2,14,580,0,1,237069
2016,2,15,580,0,0,206720
2016,2,16,580,0,1,229800
2016,2,35,580,0,1,175714
2016,2,36,580,0,1,172845
2016,2,37,580,0,0,151607
2016,2,38,580,0,0,163796
2016,2,39,580,0,1,188085
2016,2,40,580,0,1,192256
2016,2,41,580,1,0,153483
2016,2,42,580,1,1,672448
2016,2,43,580,0,0,165279
2016,2,44,580,0,1,173399
2016,2,45,580,1,1,843350
2016,2,46,580,0,1,174451
2016,2,47,580,0,0,153429
2016,2,48,580,1,0,168352
2016,2,49,580,0,1,203332
2016,2,50,580,0,1,202794
2016,2,51,580,0,1,179321
2016,2,52,580,1,1,413865
2016,2,18,580,0,0,134439
2016,2,19,580,0,1,157788
2016,2,20,580,0,1,149569
2016,2,21,580,0,1,124887
2016,2,22,580,0,0,135874
2016,2,23,580,0,0,135255
2016,2,24,580,0,0,110712
2016,2,25,580,0,1,155658
2016,2,26,580,0,0,113354
2016,2,27,580,0,1,128077
2016,2,28,580,0,1,124617
2016,2,29,580,0,1,125985
2016,2,30,580,0,0,114110
2016,2,31,580,0,1,122328
2016,2,32,580,0,0,116096
2016,2,33,580,0,0,131735
2016,2,34,580,0,1,130751
2016,3,1,640,0,0,226099
2016,3,2,640,0,0,232251
2016,3,3,640,0,0,226749
2016,3,4,640,0,0,222445
2016,3,5,640,0,1,248939
2016,3,6,640,0,1,272996
2016,3,7,640,0,0,230941
2016,3,8,640,0,1,242509
2016,3,9,640,0,0,211880
2016,3,10,640,0,0,222328
2016,3,11,640,0,0,211094
2016,3,12,640,0,0,221016
2016,3,13,640,0,1,266954
2016,3,14,640,0,0,231481
2016,3,15,640,0,1,254008
2016,3,16,640,0,0,221081
2016,3,35,640,0,0,177283
2016,3,36,640,0,1,205288
2016,3,37,640,0,0,174573
2016,3,38,640,0,1,221271
2016,3,39,640,0,0,189797
2016,3,40,640,0,0,184648
2016,3,41,640,1,1,996474
2016,3,42,640,1,0,168499
2016,3,43,640,0,1,206924
2016,3,44,640,0,1,202941
2016,3,45,640,1,1,712974
2016,3,46,640,0,1,192450
2016,3,47,640,0,0,179917
2016,3,48,640,1,0,188061
2016,3,49,640,0,1,215977
2016,3,50,640,0,1,224380
2016,3,51,640,0,1,222928
2016,3,52,640,1,0,174877
2016,3,18,640,0,0,123071
2016,3,19,640,0,0,121653
2016,3,20,640,0,1,141606
2016,3,21,640,0,0,127095
2016,3,22,640,0,1,152885
2016,3,23,640,0,0,124794
2016,3,24,640,0,0,129924
2016,3,25,640,0,0,122523
2016,3,26,640,0,1,164211
2016,3,27,640,0,0,136030
2016,3,28,640,0,0,147744
2016,3,29,640,0,1,150246
2016,3,30,640,0,1,151781
2016,3,31,640,0,0,131856
2016,3,32,640,0,1,146439
2016,3,33,640,0,0,139047
2016,3,34,640,0,1,149203
2016,4,1,320,0,0,108164
2016,4,2,320,0,1,137443
2016,4,3,320,0,1,136838
2016,4,4,320,0,0,113984
2016,4,5,320,0,1,130303
2016,4,6,320,0,0,113350
2016,4,7,320,0,0,117637
2016,4,8,320,0,0,107912
2016,4,9,320,0,0,107819
2016,4,10,320,0,1,137893
2016,4,11,320,0,0,116002
2016,4,12,320,0,1,120693
2016,4,13,320,0,1,132163
2016,4,14,320,0,1,127094
2016,4,15,320,0,0,114055
2016,4,16,320,0,1,130341
2016,4,35,320,0,0,94324
2016,4,36,320,0,0,83723
2016,4,37,320,0,1,102465
2016,4,38,320,0,1,107086
2016,4,39,320,0,0,95879
2016,4,40,320,0,0,95174
2016,4,41,320,1,0,92624
2016,4,42,320,1,0,89763
2016,4,43,320,0,0,82962
2016,4,44,320,0,1,98221
2016,4,45,320,1,0,94122
2016,4,46,320,0,0,85585
2016,4,47,320,0,1,106638
2016,4,48,320,1,1,386827
2016,4,49,320,0,0,95019
2016,4,50,320,0,1,106077
2016,4,51,320,0,1,101052
2016,4,52,320,1,0,86524
2016,4,18,320,0,0,63222
2016,4,19,320,0,1,80571
2016,4,20,320,0,1,67680
2016,4,21,320,0,1,84106
2016,4,22,320,0,1,69431
2016,4,23,320,0,0,67104
2016,4,24,320,0,0,68458
2016,4,25,320,0,1,84671
2016,4,26,320,0,0,64625
2016,4,27,320,0,0,74767
2016,4,28,320,0,0,68615
2016,4,29,320,0,0,75620
2016,4,30,320,0,1,86771
2016,4,31,320,0,0,63917
2016,4,32,320,0,1,69364
2016,4,33,320,0,1,81669
2016,4,34,320,0,1,75995
2016,5,1,150,0,0,55093
2016,5,2,150,0,1,56121
2016,5,3,150,0,0,50191
2016,5,4,150,0,0,49507
2016,5,5,150,0,1,56559
2016,5,6,150,0,0,49564
2016,5,7,150,0,0,53130
2016,5,8,150,0,1,64252
2016,5,9,150,0,1,63991
2016,5,10,150,0,1,59127
2016,5,11,150,0,1,60106
2016,5,12,150,0,0,52035
2016,5,13,150,0,0,53170
2016,5,14,150,0,1,60870
2016,5,15,150,0,1,59196
2016,5,16,150,0,1,55347
2016,5,35,150,0,1,47415
2016,5,36,150,0,1,49529
2016,5,37,150,0,0,41493
2016,5,38,150,0,1,47355
2016,5,39,150,0,0,41504
2016,5,40,150,0,1,47432
2016,5,41,150,1,0,39117
2016,5,42,150,1,0,40639
2016,5,43,150,0,1,47591
2016,5,44,150,0,1,52806
2016,5,45,150,1,1,59251
2016,5,46,150,0,1,51130
2016,5,47,150,0,0,43452
2016,5,48,150,1,1,192456
2016,5,49,150,0,0,41642
2016,5,50,150,0,0,42942
2016,5,51,150,0,1,50021
2016,5,52,150,1,0,40051
2016,5,18,150,0,1,32237
2016,5,19,150,0,1,37890
2016,5,20,150,0,1,37813
2016,5,21,150,0,1,40630
2016,5,22,150,0,0,33590
2016,5,23,150,0,1,35476
2016,5,24,150,0,0,30025
2016,5,25,150,0,1,38622
2016,5,26,150,0,0,30612
2016,5,27,150,0,0,29514
2016,5,28,150,0,1,33724
2016,5,29,150,0,0,30370
2016,5,30,150,0,0,31264
2016,5,31,150,0,0,28904
2016,5,32,150,0,0,28694
2016,5,33,150,0,1,31301
2016,5,34,150,0,0,29771
2016,6,1,856,0,0,312201
2016,6,2,856,0,0,284347
2016,6,3,856,0,1,354929
2016,6,4,856,0,1,343037
2016,6,5,856,0,0,297222
2016,6,6,856,0,1,367364
2016,6,7,856,0,0,314025
2016,6,8,856,0,1,344808
2016,6,9,856,0,0,315795
2016,6,10,856,0,1,327056
2016,6,11,856,0,1,322260
2016,6,12,856,0,0,282817
2016,6,13,856,0,1,365348
2016,6,14,856,0,0,314695
2016,6,15,856,0,1,337277
2016,6,16,856,0,0,296213
2016,6,35,856,0,0,231103
2016,6,36,856,0,1,285737
2016,6,37,856,0,1,254282
2016,6,38,856,0,1,281133
2016,6,39,856,0,0,233413
2016,6,40,856,0,1,302385
2016,6,41,856,1,0,222476
2016,6,42,856,1,0,256145
2016,6,43,856,0,0,232337
2016,6,44,856,0,1,254274
2016,6,45,856,1,1,349142
2016,6,46,856,0,1,246854
2016,6,47,856,0,0,229058
2016,6,48,856,1,0,236431
2016,6,49,856,0,1,262078
2016,6,50,856,0,0,224137
2016,6,51,856,0,0,251762
2016,6,52,856,1,1,613923
2016,6,18,856,0,1,192649
2016,6,19,856,0,0,183271
2016,6,20,856,0,1,179653
2016,6,21,856,0,1,203547
2016,6,22,856,0,0,182247
2016,6,23,856,0,1,188810
2016,6,24,856,0,1,211809
2016,6,25,856,0,1,212125
2016,6,26,856,0,1,215661
2016,6,27,856,0,0,182878
2016,6,28,856,0,0,163190
2016,6,29,856,0,0,188241
2016,6,30,856,0,1,208623
2016,6,31,856,0,0,199863
2016,6,32,856,0,0,172960
2016,6,33,856,0,0,179290
2016,6,34,856,0,1,189835
2017,1,1,452,0,1,181413
2017,1,2,452,0,0,158458
2017,1,3,452,0,1,186752
2017,1,4,452,0,0,156241
2017,1,5,452,0,0,156299
2017,1,6,452,0,0,151196
2017,1,7,452,0,0,167201
2017,1,8,452,0,0,153454
2017,1,9,452,0,0,164028
2017,1,10,452,0,0,150593
2017,1,11,452,0,0,152397
2017,1,12,452,0,0,155413
2017,1,13,452,0,1,177262
2017,1,14,452,0,1,184881
2017,1,15,452,0,1,197926
2017,1,16,452,0,0,163261
2017,1,35,452,0,0,132868
2017,1,36,452,0,0,121204
2017,1,37,452,0,0,121031
2017,1,38,452,0,1,141542
2017,1,39,452,0,0,118633
2017,1,40,452,0,1,142769
2017,1,41,452,1,0,121799
2017,1,42,452,1,0,133400
2017,1,43,452,0,1,143237
2017,1,44,452,0,0,118416
2017,1,45,452,1,0,118659
2017,1,46,452,0,1,148445
2017,1,47,452,0,0,135229
2017,1,48,452,1,1,215973
2017,1,49,452,0,0,133738
2017,1,50,452,0,1,149205
2017,1,51,452,0,0,122850
2017,1,52,452,1,0,122807
2017,1,18,452,0,1,117754
2017,1,19,452,0,1,121413
2017,1,20,452,0,0,96094
2017,1,21,452,0,0,102409
2017,1,22,452,0,0,97184
2017,1,23,452,0,1,117297
2017,1,24,452,0,0,100506
2017,1,25,452,0,1,93594
2017,1,26,452,0,0,93807
2017,1,27,452,0,0,86015
2017,1,28,452,0,0,106759
2017,1,29,452,0,1,102694
2017,1,30,452,0,1,97453
2017,1,31,452,0,1,110668
2017,1,32,452,0,1,116761
2017,1,33,452,0,1,105321
2017,1,34,452,0,0,92547
2017,2,1,580,0,0,207789
2017,2,2,580,0,1,214198
2017,2,3,580,0,1,235529
2017,2,4,580,0,0,204172
2017,2,5,580,0,1,228327
2017,2,6,580,0,1,241250
2017,2,7,580,0,1,221623
2017,2,8,580,0,1,215546
2017,2,9,580,0,1,250711
2017,2,10,580,0,1,232772
2017,2,11,580,0,1,234900
2017,2,12,580,0,0,203559
2017,2,13,580,0,0,211155
2017,2,14,580,0,1,226338
2017,2,15,580,0,1,237957
2017,2,16,580,0,0,206900
2017,2,35,580,0,0,151497
2017,2,36,580,0,1,189698
2017,2,37,580,0,1,200583
2017,2,38,580,0,0,164311
2017,2,39,580,0,1,183939
2017,2,40,580,0,1,181668
2017,2,41,580,1,1,947443
2017,2,42,580,1,0,159041
2017,2,43,580,0,1,179490
2017,2,44,580,0,0,164945
2017,2,45,580,1,1,474708
2017,2,46,580,0,0,169559
2017,2,47,580,0,0,159599
2017,2,48,580,1,0,155169
2017,2,49,580,0,0,154802
2017,2,50,580,0,0,152242
2017,2,51,580,0,0,168025
2017,2,52,580,1,1,623142
2017,2,18,580,0,0,115597
2017,2,19,580,0,0,121442
2017,2,20,580,0,0,136560
2017,2,21,580,0,0,118766
2017,2,22,580,0,1,148631
2017,2,23,580,0,1,151125
2017,2,24,580,0,0,125609
2017,2,25,580,0,0,121755
2017,2,26,580,0,1,123891
2017,2,27,580,0,1,124726
2017,2,28,580,0,0,123332
2017,2,29,580,0,1,149449
2017,2,30,580,0,0,116052
2017,2,31,580,0,0,122916
2017,2,32,580,0,1,133839
2017,2,33,580,0,1,143814
2017,2,34,580,0,1,138372
2017,3,1,640,0,1,254700
2017,3,2,640,0,1,268834
2017,3,3,640,0,1,247969
2017,3,4,640,0,0,226260
2017,3,5,640,0,0,220332
2017,3,6,640,0,1,254218
2017,3,7,640,0,0,219323
2017,3,8,640,0,0,221934
2017,3,9,640,0,0,229561
2017,3,10,640,0,1,253529
2017,3,11,640,0,0,215921
2017,3,12,640,0,1,253877
2017,3,13,640,0,1,272432
2017,3,14,640,0,1,240930
2017,3,15,640,0,0,219452
2017,3,16,640,0,1,268679
2017,3,35,640,0,1,216736
2017,3,36,640,0,1,201580
2017,3,37,640,0,0,190601
2017,3,38,640,0,0,191467
2017,3,39,640,0,1,208944
2017,3,40,640,0,0,189837
2017,3,41,640,1,1,1051781
2017,3,42,640,1,1,219406
2017,3,43,640,0,0,176710
2017,3,44,640,0,0,177475
2017,3,45,640,1,1,497063
2017,3,46,640,0,1,190852
2017,3,47,640,0,0,184559
2017,3,48,640,1,1,505424
2017,3,49,640,0,1,204682
2017,3,50,640,0,1,210684
2017,3,51,640,0,1,193739
2017,3,52,640,1,0,180984
2017,3,18,640,0,1,163101
2017,3,19,640,0,0,151610
2017,3,20,640,0,1,135600
2017,3,21,640,0,0,139108
2017,3,22,640,0,1,157828
2017,3,23,640,0,0,131155
2017,3,24,640,0,1,154962
2017,3,25,640,0,0,140946
2017,3,26,640,0,0,141903
2017,3,27,640,0,0,150058
2017,3,28,640,0,0,136267
2017,3,29,640,0,1,137703
2017,3,30,640,0,1,170207
2017,3,31,640,0,0,146366
2017,3,32,640,0,1,166595
2017,3,33,640,0,1,153128
2017,3,34,640,0,1,151125
2017,4,1,320,0,1,127180
2017,4,2,320,0,1,127981
2017,4,3,320,0,1,119258
2017,4,4,320,0,1,124614
2017,4,5,320,0,0,114943
2017,4,6,320,0,1,138172
2017,4,7,320,0,0,109126
2017,4,8,320,0,1,122573
2017,4,9,320,0,0,111842
2017,4,10,320,0,1,129498
2017,4,11,320,0,0,109169
2017,4,12,320,0,1,121977
2017,4,13,320,0,1,124893
2017,4,14,320,0,1,128047
2017,4,15,320,0,0,108143
2017,4,16,320,0,1,139274
2017,4,35,320,0,1,100831
2017,4,36,320,0,1,100749
2017,4,37,320,0,0,95968
2017,4,38,320,0,1,102711
2017,4,39,320,0,0,90313
2017,4,40,320,0,1,109765
2017,4,41,320,1,1,348807
2017,4,42,320,1,1,101536
2017,4,43,320,0,0,86541
2017,4,44,320,0,1,97877
2017,4,45,320,1,0,92703
2017,4,46,320,0,1,97603
2017,4,47,320,0,1,102147
2017,4,48,320,1,0,87420
2017,4,49,320,0,1,99982
2017,4,50,320,0,1,98129
2017,4,51,320,0,1,104220
2017,4,52,320,1,0,90383
2017,4,18,320,0,1,70133
2017,4,19,320,0,1,71635
2017,4,20,320,0,0,66843
2017,4,21,320,0,0,68617
2017,4,22,320,0,0,69484
2017,4,23,320,0,0,60893
2017,4,24,320,0,0,71953
2017,4,25,320,0,1,78044
2017,4,26,320,0,1,76166
2017,4,27,320,0,0,61593
2017,4,28,320,0,0,62503
2017,4,29,320,0,0,71208
2017,4,30,320,0,0,69396
2017,4,31,320,0,1,69428
2017,4,32,320,0,1,79546
2017,4,33,320,0,0,71895
2017,4,34,320,0,0,69049
2017,5,1,150,0,1,57965
2017,5,2,150,0,1,55813
2017,5,3,150,0,0,52307
2017,5,4,150,0,0,52884
2017,5,5,150,0,0,53450
2017,5,6,150,0,0,52522
2017,5,7,150,0,0,51781
2017,5,8,150,0,0,52721
2017,5,9,150,0,1,64875
2017,5,10,150,0,0,51933
2017,5,11,150,0,0,53125
2017,5,12,150,0,0,52924
2017,5,13,150,0,1,60007
2017,5,14,150,0,0,53991
2017,5,15,150,0,0,53761
2017,5,16,150,0,1,58019
2017,5,35,150,0,1,45858
2017,5,36,150,0,1,47527
2017,5,37,150,0,0,41065
2017,5,38,150,0,1,48508
2017,5,39,150,0,1,45642
2017,5,40,150,0,1,47761
2017,5,41,150,1,0,38951
2017,5,42,150,1,1,223189
2017,5,43,150,0,0,39739
2017,5,44,150,0,0,39985
2017,5,45,150,1,1,49042
2017,5,46,150,0,1,46566
2017,5,47,150,0,1,50663
2017,5,48,150,1,0,38855
2017,5,49,150,0,1,47687
2017,5,50,150,0,1,46330
2017,5,51,150,0,1,47860
2017,5,52,150,1,1,159851
2017,5,18,150,0,1,36029
2017,5,19,150,0,1,35523
2017,5,20,150,0,1,38857
2017,5,21,150,0,0,32961
2017,5,22,150,0,1,34012
2017,5,23,150,0,0,29473
2017,5,24,150,0,1,35234
2017,5,25,150,0,1,35838
2017,5,26,150,0,0,35040
2017,5,27,150,0,0,29374
2017,5,28,150,0,1,34899
2017,5,29,150,0,0,31789
2017,5,30,150,0,1,31255
2017,5,31,150,0,0,30734
2017,5,32,150,0,0,34273
2017,5,33,150,0,0,30647
2017,5,34,150,0,1,35851
2017,6,1,856,0,1,354764
2017,6,2,856,0,1,338165
2017,6,3,856,0,0,287254
2017,6,4,856,0,0,282612
2017,6,5,856,0,1,353320
2017,6,6,856,0,0,316456
2017,6,7,856,0,0,299153
2017,6,8,856,0,0,292334
2017,6,9,856,0,0,311565
2017,6,10,856,0,0,298656
2017,6,11,856,0,0,291406
2017,6,12,856,0,0,282769
2017,6,13,856,0,0,314222
2017,6,14,856,0,1,341439
2017,6,15,856,0,0,299554
2017,6,16,856,0,0,316274
2017,6,35,856,0,1,271866
2017,6,36,856,0,0,235927
2017,6,37,856,0,1,269508
2017,6,38,856,0,0,226065
2017,6,39,856,0,1,282616
2017,6,40,856,0,1,307326
2017,6,41,856,1,0,255023
2017,6,42,856,1,0,223366
2017,6,43,856,0,0,253053
2017,6,44,856,0,1,290786
2017,6,45,856,1,0,233486
2017,6,46,856,0,0,234108
2017,6,47,856,0,0,239834
2017,6,48,856,1,0,224726
2017,6,49,856,0,0,256317
2017,6,50,856,0,0,226139
2017,6,51,856,0,0,249537
2017,6,52,856,1,1,1176867
2017,6,18,856,0,0,188566
2017,6,19,856,0,1,205073
2017,6,20,856,0,0,183207
2017,6,21,856,0,0,180439
2017,6,22,856,0,1,224229
2017,6,23,856,0,1,188557
2017,6,24,856,0,1,224407
2017,6,25,856,0,0,201147
2017,6,26,856,0,0,173940
2017,6,27,856,0,0,198047
2017,6,28,856,0,0,189530
2017,6,29,856,0,1,187874
2017,6,30,856,0,1,182869
2017,6,31,856,0,0,176685
2017,6,32,856,0,0,181691
2017,6,33,856,0,0,167532
2017,6,34,856,0,1,217773
2018,1,1,452,0,0,164601
2018,1,2,452,0,0,166992
2018,1,3,452,0,1,193365
2018,1,4,452,0,0,164115
2018,1,5,452,0,1,167417
2018,1,6,452,0,1,174524
2018,1,7,452,0,0,162839
2018,1,8,452,0,1,178362
2018,1,9,452,0,1,168553
2018,1,10,452,0,0,166267
2018,1,11,452,0,1,189984
2018,1,12,452,0,1,173313
2018,1,13,452,0,1,185743
2018,1,14,452,0,1,180612
2018,1,15,452,0,0,151225
2018,1,16,452,0,1,182191
2018,1,35,452,0,0,124495
2018,1,36,452,0,1,151120
2018,1,37,452,0,0,124111
2018,1,38,452,0,1,142322
2018,1,39,452,0,1,143272
2018,1,40,452,0,0,128579
2018,1,41,452,1,0,127798
2018,1,42,452,1,1,479500
2018,1,43,452,0,1,134309
2018,1,44,452,0,1,139670
2018,1,45,452,1,1,248373
2018,1,46,452,0,0,127142
2018,1,47,452,0,1,150196
2018,1,48,452,1,0,125743
2018,1,49,452,0,0,134117
2018,1,50,452,0,0,133132
2018,1,51,452,0,1,153008
2018,1,52,452,1,0,133133
2018,1,18,452,0,0,91456
2018,1,19,452,0,0,101576
2018,1,20,452,0,1,107912
2018,1,21,452,0,1,103071
2018,1,22,452,0,1,119307
2018,1,23,452,0,0,97776
2018,1,24,452,0,0,94945
2018,1,25,452,0,1,101860
2018,1,26,452,0,0,89266
2018,1,27,452,0,1,95625
2018,1,28,452,0,0,106357
2018,1,29,452,0,1,105552
2018,1,30,452,0,0,101156
2018,1,31,452,0,1,111887
2018,1,32,452,0,1,111874
2018,1,33,452,0,1,108010
2018,1,34,452,0,1,114824
2018,2,1,580,0,0,205012
2018,2,2,580,0,1,232699
2018,2,3,580,0,1,243616
2018,2,4,580,0,0,195364
2018,2,5,580,0,1,244855
2018,2,6,580,0,0,196480
2018,2,7,580,0,0,213854
2018,2,8,580,0,0,195126
2018,2,9,580,0,0,212696
2018,2,10,580,0,0,206995
2018,2,11,580,0,1,219026
2018,2,12,580,0,1,228068
2018,2,13,580,0,1,239400
2018,2,14,580,0,0,194386
2018,2,15,580,0,1,255133
2018,2,16,580,0,0,201292
2018,2,35,580,0,0,167194
2018,2,36,580,0,0,150862
2018,2,37,580,0,1,202964
2018,2,38,580,0,0,171268
2018,2,39,580,0,1,174705
2018,2,40,580,0,0,162913
2018,2,41,580,1,1,770905
2018,2,42,580,1,0,154264
2018,2,43,580,0,0,163840
2018,2,44,580,0,1,197766
2018,2,45,580,1,1,915370
2018,2,46,580,0,0,155347
2018,2,47,580,0,1,178639
2018,2,48,580,1,0,169438
2018,2,49,580,0,1,183281
2018,2,50,580,0,1,184868
2018,2,51,580,0,1,171876
2018,2,52,580,1,1,320700
2018,2,18,580,0,0,113528
2018,2,19,580,0,0,115809
2018,2,20,580,0,0,131292
2018,2,21,580,0,0,132938
2018,2,22,580,0,1,151817
2018,2,23,580,0,1,136303
2018,2,24,580,0,1,142995
2018,2,25,580,0,1,143741
2018,2,26,580,0,0,134649
2018,2,27,580,0,0,135155
2018,2,28,580,0,0,128990
2018,2,29,580,0,0,129114
2018,2,30,580,0,0,122533
2018,2,31,580,0,0,125002
2018,2,32,580,0,1,142734
2018,2,33,580,0,1,152963
2018,2,34,580,0,1,145326
2018,3,1,640,0,1,263449
2018,3,2,640,0,0,229642
2018,3,3,640,0,1,265289
2018,3,4,640,0,0,213395
2018,3,5,640,0,0,220710
2018,3,6,640,0,1,258395
2018,3,7,640,0,0,221059
2018,3,8,640,0,0,234437
2018,3,9,640,0,1,270743
2018,3,10,640,0,1,272429
2018,3,11,640,0,0,225698
2018,3,12,640,0,1,257741
2018,3,13,640,0,1,263630
2018,3,14,640,0,1,257567
2018,3,15,640,0,0,233072
2018,3,16,640,0,0,211368
2018,3,35,640,0,1,221939
2018,3,36,640,0,1,192906
2018,3,37,640,0,1,200632
2018,3,38,640,0,1,187762
2018,3,39,640,0,0,174153
2018,3,40,640,0,0,188890
2018,3,41,640,1,1,570372
2018,3,42,640,1,0,190477
2018,3,43,640,0,1,203693
2018,3,44,640,0,0,165946
2018,3,45,640,1,1,883526
2018,3,46,640,0,0,192169
2018,3,47,640,0,0,177671
2018,3,48,640,1,0,191428
2018,3,49,640,0,0,186116
2018,3,50,640,0,1,210961
2018,3,51,640,0,0,174748
2018,3,52,640,1,1,583764
2018,3,18,640,0,0,151305
2018,3,19,640,0,1,138376
2018,3,20,640,0,0,123394
2018,3,21,640,0,0,148929
2018,3,22,640,0,1,151616
2018,3,23,640,0,1,136748
2018,3,24,640,0,1,141920
2018,3,25,640,0,1,150568
2018,3,26,640,0,0,135447
2018,3,27,640,0,1,145710
2018,3,28,640,0,1,151074
2018,3,29,640,0,0,145557
2018,3,30,640,0,0,126932
2018,3,31,640,0,0,140683
2018,3,32,640,0,0,124096
2018,3,33,640,0,0,149121
2018,3,34,640,0,1,137276
2018,4,1,320,0,0,107059
2018,4,2,320,0,1,124210
2018,4,3,320,0,0,114776
2018,4,4,320,0,1,123716
2018,4,5,320,0,0,106190
2018,4,6,320,0,1,133772
2018,4,7,320,0,1,127244
2018,4,8,320,0,0,117972
2018,4,9,320,0,1,118204
2018,4,10,320,0,0,115299
2018,4,11,320,0,0,117358
2018,4,12,320,0,1,126437
2018,4,13,320,0,1,134457
2018,4,14,320,0,0,111782
2018,4,15,320,0,0,105390
2018,4,16,320,0,1,127984
2018,4,35,320,0,1,93428
2018,4,36,320,0,0,95579
2018,4,37,320,0,0,92015
2018,4,38,320,0,1,106894
2018,4,39,320,0,0,93226
2018,4,40,320,0,0,92363
2018,4,41,320,1,1,184409
2018,4,42,320,1,0,84962
2018,4,43,320,0,1,105565
2018,4,44,320,0,1,94055
2018,4,45,320,1,0,92392
2018,4,46,320,0,1,110136
2018,4,47,320,0,1,109841
2018,4,48,320,1,0,92593
2018,4,49,320,0,1,104485
2018,4,50,320,0,0,82935
2018,4,51,320,0,1,109153
2018,4,52,320,1,1,219800
2018,4,18,320,0,1,70700
2018,4,19,320,0,1,75342
2018,4,20,320,0,1,75203
2018,4,21,320,0,1,65838
2018,4,22,320,0,1,71766
2018,4,23,320,0,0,66541
2018,4,24,320,0,1,72436
2018,4,25,320,0,1,67650
2018,4,26,320,0,1,80796
2018,4,27,320,0,1,76541
2018,4,28,320,0,0,72961
2018,4,29,320,0,1,81739
2018,4,30,320,0,0,71744
2018,4,31,320,0,0,67861
2018,4,32,320,0,1,80915
2018,4,33,320,0,1,73543
2018,4,34,320,0,1,71588
2018,5,1,150,0,1,62038
2018,5,2,150,0,1,63933
2018,5,3,150,0,1,58688
2018,5,4,150,0,1,61638
2018,5,5,150,0,1,59362
2018,5,6,150,0,1,62660
2018,5,7,150,0,0,50748
2018,5,8,150,0,0,51098
2018,5,9,150,0,1,59485
2018,5,10,150,0,1,65384
2018,5,11,150,0,1,59420
2018,5,12,150,0,0,54150
2018,5,13,150,0,0,50682
2018,5,14,150,0,0,53563
2018,5,15,150,0,0,55482
2018,5,16,150,0,1,62780
2018,5,35,150,0,1,44387
2018,5,36,150,0,0,44116
2018,5,37,150,0,0,40756
2018,5,38,150,0,0,39577
2018,5,39,150,0,1,47943
2018,5,40,150,0,0,42056
2018,5,41,150,1,0,44355
2018,5,42,150,1,1,52807
2018,5,43,150,0,1,43953
2018,5,44,150,0,1,49538
2018,5,45,150,1,1,155322
2018,5,46,150,0,0,40992
2018,5,47,150,0,0,44591
2018,5,48,150,1,0,39985
2018,5,49,150,0,0,44064
2018,5,50,150,0,0,40870
2018,5,51,150,0,1,47602
2018,5,52,150,1,1,64505
2018,5,18,150,0,0,35374
2018,5,19,150,0,1,34584
2018,5,20,150,0,1,38155
2018,5,21,150,0,0,33812
2018,5,22,150,0,0,32994
2018,5,23,150,0,0,32049
2018,5,24,150,0,0,31853
2018,5,25,150,0,1,32907
2018,5,26,150,0,1,36643
2018,5,27,150,0,0,28438
2018,5,28,150,0,0,29664
2018,5,29,150,0,1,37596
2018,5,30,150,0,1,35197
2018,5,31,150,0,1,32246
2018,5,32,150,0,0,29128
2018,5,33,150,0,0,28492
2018,5,34,150,0,0,34758
2018,6,1,856,0,0,302335
2018,6,2,856,0,0,292884
2018,6,3,856,0,1,338928
2018,6,4,856,0,1,339773
2018,6,5,856,0,1,339738
2018,6,6,856,0,1,318879
2018,6,7,856,0,0,316125
2018,6,8,856,0,0,284168
2018,6,9,856,0,1,357330
2018,6,10,856,0,0,306863
2018,6,11,856,0,1,351647
2018,6,12,856,0,1,341469
2018,6,13,856,0,0,286740
2018,6,14,856,0,1,326491
2018,6,15,856,0,1,324119
2018,6,16,856,0,1,332839
2018,6,35,856,0,0,225255
2018,6,36,856,0,1,267819
2018,6,37,856,0,0,252133
2018,6,38,856,0,0,232957
2018,6,39,856,0,1,266473
2018,6,40,856,0,1,264517
2018,6,41,856,1,0,249670
2018,6,42,856,1,1,278356
2018,6,43,856,0,0,249845
2018,6,44,856,0,0,240135
2018,6,45,856,1,0,231414
2018,6,46,856,0,0,236210
2018,6,47,856,0,0,226001
2018,6,48,856,1,0,237234
2018,6,49,856,0,1,244426
2018,6,50,856,0,0,252532
2018,6,51,856,0,1,253796
2018,6,52,856,1,0,252843
2018,6,18,856,0,0,187790
2018,6,19,856,0,1,216804
2018,6,20,856,0,0,193734
2018,6,21,856,0,1,197969
2018,6,22,856,0,1,211225
2018,6,23,856,0,0,165462
2018,6,24,856,0,0,200108
2018,6,25,856,0,1,198878
2018,6,26,856,0,0,188312
2018,6,27,856,0,0,180828
2018,6,28,856,0,1,217101
2018,6,29,856,0,0,200828
2018,6,30,856,0,0,182395
2018,6,31,856,0,1,207357
2018,6,32,856,0,0,189406
2018,6,33,856,0,0,198374
2018,6,34,856,0,1,212398
2019,1,1,452,0,1,185617
2019,1,2,452,0,1,183063
2019,1,3,452,0,1,180487
2019,1,4,452,0,1,175111
2019,1,5,452,0,1,169093
2019,1,6,452,0,1,178319
2019,1,7,452,0,1,169962
2019,1,8,452,0,0,156003
2019,1,9,452,0,1,181895
2019,1,10,452,0,1,172915
2019,1,11,452,0,0,160602
2019,1,12,452,0,1,178334
2019,1,13,452,0,1,173447
2019,1,14,452,0,0,152944
2019,1,15,452,0,1,171858
2019,1,16,452,0,1,180737
2019,1,35,452,0,1,151308
2019,1,36,452,0,1,146514
2019,1,37,452,0,1,143049
2019,1,38,452,0,0,134687
2019,1,39,452,0,0,129651
2019,1,40,452,0,1,152353
2019,1,41,452,1,1,739648
2019,1,42,452,1,1,529252
2019,1,43,452,0,0,135258
2019,1,44,452,0,0,118539
2019,1,45,452,1,0,135326
2019,1,46,452,0,1,150833
2019,1,47,452,0,1,141542
2019,1,48,452,1,0,127951
2019,1,49,452,0,1,142376
2019,1,50,452,0,1,142712
2019,1,51,452,0,1,138925
2019,1,52,452,1,1,594342
2019,1,18,452,0,1,103989
2019,1,19,452,0,0,91471
2019,1,20,452,0,0,92307
2019,1,21,452,0,0,96243
2019,1,22,452,0,1,115177
2019,1,23,452,0,1,108883
2019,1,24,452,0,0,101007
2019,1,25,452,0,0,98017
2019,1,26,452,0,0,103792
2019,1,27,452,0,0,101174
2019,1,28,452,0,0,88899
2019,1,29,452,0,1,101659
2019,1,30,452,0,0,106042
2019,1,31,452,0,1,91670
2019,1,32,452,0,0,103548
2019,1,33,452,0,1,97700
2019,1,34,452,0,0,101394
2019,2,1,580,0,0,207849
2019,2,2,580,0,1,237581
2019,2,3,580,0,0,194308
2019,2,4,580,0,1,213724
2019,2,5,580,0,1,221995
2019,2,6,580,0,1,220739
2019,2,7,580,0,1,216944
2019,2,8,580,0,0,212908
2019,2,9,580,0,1,237370
2019,2,10,580,0,1,223715
2019,2,11,580,0,1,229307
2019,2,12,580,0,0,214704
2019,2,13,580,0,0,200506
2019,2,14,580,0,0,194452
2019,2,15,580,0,1,236432
2019,2,16,580,0,0,194637
2019,2,35,580,0,0,162168
2019,2,36,580,0,0,159524
2019,2,37,580,0,1,190940
2019,2,38,580,0,0,163381
2019,2,39,580,0,0,153321
2019,2,40,580,0,0,151951
2019,2,41,580,1,0,172306
2019,2,42,580,1,0,160319
2019,2,43,580,0,0,162122
2019,2,44,580,0,1,187569
2019,2,45,580,1,1,502289
2019,2,46,580,0,1,185721
2019,2,47,580,0,0,158589
2019,2,48,580,1,1,910227
2019,2,49,580,0,1,190246
2019,2,50,580,0,0,171806
2019,2,51,580,0,0,161833
2019,2,52,580,1,1,874236
2019,2,18,580,0,1,138561
2019,2,19,580,0,1,149096
2019,2,20,580,0,0,126136
2019,2,21,580,0,1,138448
2019,2,22,580,0,0,121985
2019,2,23,580,0,1,127396
2019,2,24,580,0,1,117083
2019,2,25,580,0,1,145244
2019,2,26,580,0,1,139599
2019,2,27,580,0,1,123052
2019,2,28,580,0,0,113012
2019,2,29,580,0,1,138925
2019,2,30,580,0,0,111186
2019,2,31,580,0,1,143593
2019,2,32,580,0,0,111245
2019,2,33,580,0,0,111902
2019,2,34,580,0,0,122070
2019,3,1,640,0,1,256913
2019,3,2,640,0,1,258100
2019,3,3,640,0,0,212349
2019,3,4,640,0,1,258716
2019,3,5,640,0,0,237113
2019,3,6,640,0,0,216925
2019,3,7,640,0,1,266016
2019,3,8,640,0,1,245137
2019,3,9,640,0,1,281127
2019,3,10,640,0,1,263009
2019,3,11,640,0,0,223269
2019,3,12,640,0,1,251037
2019,3,13,640,0,1,253101
2019,3,14,640,0,1,261403
2019,3,15,640,0,0,215013
2019,3,16,640,0,1,259131
2019,3,35,640,0,0,168516
2019,3,36,640,0,0,172067
2019,3,37,640,0,1,201300
2019,3,38,640,0,1,209755
2019,3,39,640,0,1,192274
2019,3,40,640,0,1,200192
2019,3,41,640,1,0,176610
2019,3,42,640,1,0,184040
2019,3,43,640,0,1,196484
2019,3,44,640,0,0,175498
2019,3,45,640,1,0,174545
2019,3,46,640,0,0,178042
2019,3,47,640,0,1,212483
2019,3,48,640,1,1,673453
2019,3,49,640,0,1,218207
2019,3,50,640,0,1,211338
2019,3,51,640,0,0,179184
2019,3,52,640,1,1,900180
2019,3,18,640,0,1,140521
2019,3,19,640,0,0,145285
2019,3,20,640,0,0,121612
2019,3,21,640,0,1,168986
2019,3,22,640,0,1,131353
2019,3,23,640,0,0,124221
2019,3,24,640,0,0,132562
2019,3,25,640,0,1,140911
2019,3,26,640,0,0,134061
2019,3,27,640,0,1,163173
2019,3,28,640,0,0,141022
2019,3,29,640,0,1,158140
2019,3,30,640,0,1,162515
2019,3,31,640,0,0,132542
2019,3,32,640,0,1,159908
2019,3,33,640,0,1,159672
2019,3,34,640,0,1,168470
2019,4,1,320,0,1,120898
2019,4,2,320,0,1,130590
2019,4,3,320,0,1,124714
2019,4,4,320,0,0,108517
2019,4,5,320,0,1,130641
2019,4,6,320,0,1,122489
2019,4,7,320,0,0,113895
2019,4,8,320,0,1,128409
2019,4,9,320,0,0,116104
2019,4,10,320,0,1,127078
2019,4,11,320,0,0,110333
2019,4,12,320,0,0,118080
2019,4,13,320,0,1,122043
2019,4,14,320,0,0,105687
2019,4,15,320,0,1,135404
2019,4,16,320,0,1,122931
2019,4,35,320,0,1,105308
2019,4,36,320,0,0,94719
2019,4,37,320,0,1,101049
2019,4,38,320,0,1,102233
2019,4,39,320,0,1,107783
2019,4,40,320,0,0,89815
2019,4,41,320,1,1,322713
2019,4,42,320,1,1,236589
2019,4,43,320,0,0,90927
2019,4,44,320,0,0,84978
2019,4,45,320,1,1,424329
2019,4,46,320,0,1,100716
2019,4,47,320,0,1,104009
2019,4,48,320,1,0,89600
2019,4,49,320,0,0,91392
2019,4,50,320,0,0,83083
2019,4,51,320,0,1,101465
2019,4,52,320,1,1,97848
2019,4,18,320,0,0,75239
2019,4,19,320,0,0,74345
2019,4,20,320,0,0,70707
2019,4,21,320,0,0,63112
2019,4,22,320,0,1,81127
2019,4,23,320,0,1,67978
2019,4,24,320,0,0,71358
2019,4,25,320,0,0,71615
2019,4,26,320,0,1,81489
2019,4,27,320,0,0,67355
2019,4,28,320,0,0,63903
2019,4,29,320,0,0,75941
2019,4,30,320,0,1,67990
2019,4,31,320,0,1,73084
2019,4,32,320,0,1,69265
2019,4,33,320,0,0,62519
2019,4,34,320,0,1,74522
2019,5,1,150,0,0,51272
2019,5,2,150,0,0,51766
2019,5,3,150,0,0,55123
2019,5,4,150,0,1,61410
2019,5,5,150,0,0,51996
2019,5,6,150,0,0,52509
2019,5,7,150,0,0,50620
2019,5,8,150,0,0,54636
2019,5,9,150,0,1,57579
2019,5,10,150,0,1,59570
2019,5,11,150,0,0,50465
2019,5,12,150,0,0,55163
2019,5,13,150,0,1,58866
2019,5,14,150,0,0,54302
2019,5,15,150,0,0,49478
2019,5,16,150,0,0,52421
2019,5,35,150,0,0,40075
2019,5,36,150,0,1,47353
2019,5,37,150,0,1,44848
2019,5,38,150,0,0,42809
2019,5,39,150,0,1,52114
2019,5,40,150,0,1,46924
2019,5,41,150,1,0,42882
2019,5,42,150,1,0,44482
2019,5,43,150,0,1,48915
2019,5,44,150,0,0,42082
2019,5,45,150,1,1,217203
2019,5,46,150,0,0,39885
2019,5,47,150,0,1,46625
2019,5,48,150,1,0,42079
2019,5,49,150,0,0,41224
2019,5,50,150,0,0,42881
2019,5,51,150,0,1,50299
2019,5,52,150,1,0,39202
2019,5,18,150,0,0,34710
2019,5,19,150,0,1,35065
2019,5,20,150,0,0,35415
2019,5,21,150,0,0,33846
2019,5,22,150,0,0,29124
2019,5,23,150,0,0,31221
2019,5,24,150,0,1,37626
2019,5,25,150,0,1,38118
2019,5,26,150,0,0,29645
2019,5,27,150,0,1,33467
2019,5,28,150,0,0,30441
2019,5,29,150,0,1,38043
2019,5,30,150,0,1,32348
2019,5,31,150,0,1,37720
2019,5,32,150,0,0,33548
2019,5,33,150,0,0,33206
2019,5,34,150,0,0,32225
2019,6,1,856,0,1,351465
2019,6,2,856,0,1,342560
2019,6,3,856,0,0,317403
2019,6,4,856,0,1,319615
2019,6,5,856,0,1,352355
2019,6,6,856,0,1,339153
2019,6,7,856,0,1,368735
2019,6,8,856,0,1,327840
2019,6,9,856,0,0,308197
2019,6,10,856,0,0,293146
2019,6,11,856,0,1,340410
2019,6,12,856,0,1,366718
2019,6,13,856,0,1,359725
2019,6,14,856,0,1,337561
2019,6,15,856,0,1,344082
2019,6,16,856,0,1,339515
2019,6,35,856,0,1,295343
2019,6,36,856,0,0,250269
2019,6,37,856,0,0,233819
2019,6,38,856,0,1,296659
2019,6,39,856,0,1,286942
2019,6,40,856,0,0,255393
2019,6,41,856,1,1,557598
2019,6,42,856,1,0,242052
2019,6,43,856,0,0,249277
2019,6,44,856,0,1,281696
2019,6,45,856,1,0,239154
2019,6,46,856,0,0,234636
2019,6,47,856,0,1,256044
2019,6,48,856,1,0,244985
2019,6,49,856,0,1,266230
2019,6,50,856,0,1,268681
2019,6,51,856,0,1,262777
2019,6,52,856,1,0,242503
2019,6,18,856,0,0,173045
2019,6,19,856,0,0,162102
2019,6,20,856,0,1,203363
2019,6,21,856,0,0,171604
2019,6,22,856,0,0,201140
2019,6,23,856,0,0,186685
2019,6,24,856,0,0,180172
2019,6,25,856,0,1,209577
2019,6,26,856,0,1,205042
2019,6,27,856,0,1,194977
2019,6,28,856,0,0,165948
2019,6,29,856,0,1,215994
2019,6,30,856,0,0,181998
2019,6,31,856,0,1,221356
2019,6,32,856,0,1,181346
2019,6,33,856,0,0,193816
2019,6,34,856,0,1,184842
2020,1,1,452,0,0,154228
2020,1,2,452,0,1,179402
2020,1,3,452,0,0,151115
2020,1,4,452,0,1,186027
2020,1,5,452,0,1,171523
2020,1,6,452,0,1,190858
2020,1,7,452,0,1,182719
2020,1,8,452,0,1,191160
2020,1,9,452,0,0,161074
2020,1,10,452,0,1,177449
2020,1,11,452,0,0,150408
2020,1,12,452,0,1,186171
2020,1,13,452,0,1,167943
2020,1,14,452,0,0,162334
2020,1,15,452,0,1,174414
2020,1,16,452,0,1,180655
2020,1,35,452,0,1,135583
2020,1,36,452,0,0,123718
2020,1,37,452,0,1,138366
2020,1,38,452,0,1,140586
2020,1,39,452,0,0,117315
2020,1,40,452,0,0,135968
2020,1,41,452,1,1,428898
2020,1,42,452,1,1,753728
2020,1,43,452,0,0,133762
2020,1,44,452,0,0,135491
2020,1,45,452,1,1,762126
2020,1,46,452,0,0,135154
2020,1,47,452,0,1,159754
2020,1,48,452,1,1,658227
2020,1,49,452,0,0,117137
2020,1,50,452,0,1,149244
2020,1,51,452,0,0,133706
2020,1,52,452,1,0,125726
2020,1,18,452,0,0,94093
2020,1,19,452,0,1,103419
2020,1,20,452,0,0,91471
2020,1,21,452,0,1,118641
2020,1,22,452,0,0,89025
2020,1,23,452,0,0,87616
2020,1,24,452,0,0,101559
2020,1,25,452,0,1,112986
2020,1,26,452,0,1,108873
2020,1,27,452,0,1,100368
2020,1,28,452,0,0,89533
2020,1,29,452,0,0,98684
2020,1,30,452,0,1,111397
2020,1,31,452,0,1,108296
2020,1,32,452,0,0,93056
2020,1,33,452,0,1,107890
2020,1,34,452,0,1,121163
2020,2,1,580,0,0,213416
2020,2,2,580,0,0,196557
2020,2,3,580,0,1,229671
2020,2,4,580,0,1,234942
2020,2,5,580,0,1,256912
2020,2,6,580,0,0,197181
2020,2,7,580,0,0,210034
2020,2,8,580,0,1,232744
2020,2,9,580,0,0,209389
2020,2,10,580,0,0,196772
2020,2,11,580,0,0,194582
2020,2,12,580,0,0,199876
2020,2,13,580,0,1,249025
2020,2,14,580,0,1,244946
2020,2,15,580,0,0,211402
2020,2,16,580,0,0,199952
2020,2,35,580,0,0,161042
2020,2,36,580,0,1,181723
2020,2,37,580,0,1,201747
2020,2,38,580,0,1,187740
2020,2,39,580,0,1,176816
2020,2,40,580,0,1,169836
2020,2,41,580,1,0,159862
2020,2,42,580,1,0,151758
2020,2,43,580,0,1,174265
2020,2,44,580,0,0,166374
2020,2,45,580,1,1,217612
2020,2,46,580,0,1,201581
2020,2,47,580,0,0,168211
2020,2,48,580,1,0,157057
2020,2,49,580,0,1,171339
2020,2,50,580,0,0,152124
2020,2,51,580,0,1,179206
2020,2,52,580,1,0,166781
2020,2,18,580,0,0,111554
2020,2,19,580,0,0,110777
2020,2,20,580,0,1,137146
2020,2,21,580,0,0,124568
2020,2,22,580,0,0,126927
2020,2,23,580,0,0,119488
2020,2,24,580,0,1,125634
2020,2,25,580,0,0,119572
2020,2,26,580,0,0,131194
2020,2,27,580,0,1,122077
2020,2,28,580,0,1,139503
2020,2,29,580,0,1,146042
2020,2,30,580,0,0,110196
2020,2,31,580,0,1,140196
2020,2,32,580,0,1,138505
2020,2,33,580,0,1,147720
2020,2,34,580,0,1,143482
2020,3,1,640,0,0,228586
2020,3,2,640,0,0,231748
2020,3,3,640,0,0,225655
2020,3,4,640,0,1,279170
2020,3,5,640,0,1,261400
2020,3,6,640,0,1,259066
2020,3,7,640,0,0,213062
2020,3,8,640,0,1,268616
2020,3,9,640,0,1,255233
2020,3,10,640,0,1,258486
2020,3,11,640,0,1,265466
2020,3,12,640,0,0,233906
2020,3,13,640,0,0,223517
2020,3,14,640,0,0,232925
2020,3,15,640,0,1,252570
2020,3,16,640,0,1,272736
2020,3,35,640,0,0,190553
2020,3,36,640,0,1,218234
2020,3,37,640,0,0,172986
2020,3,38,640,0,0,189401
2020,3,39,640,0,0,168244
2020,3,40,640,0,1,207204
2020,3,41,640,1,1,837658
2020,3,42,640,1,1,325059
2020,3,43,640,0,0,170533
2020,3,44,640,0,1,190442
2020,3,45,640,1,0,173489
2020,3,46,640,0,1,196422
2020,3,47,640,0,0,180988
2020,3,48,640,1,0,175939
2020,3,49,640,0,1,197229
2020,3,50,640,0,1,203086
2020,3,51,640,0,0,177433
2020,3,52,640,1,0,178992
2020,3,18,640,0,0,125535
2020,3,19,640,0,0,140833
2020,3,20,640,0,0,131926
2020,3,21,640,0,0,145957
2020,3,22,640,0,1,144953
2020,3,23,640,0,0,126532
2020,3,24,640,0,1,158275
2020,3,25,640,0,1,157552
2020,3,26,640,0,1,156410
2020,3,27,640,0,1,141505
2020,3,28,640,0,0,133840
2020,3,29,640,0,0,135924
2020,3,30,640,0,0,148553
2020,3,31,640,0,0,138725
2020,3,32,640,0,0,140827
2020,3,33,640,0,0,147887
2020,3,34,640,0,1,145427
2020,4,1,320,0,1,140946
2020,4,2,320,0,1,139716
2020,4,3,320,0,0,110267
2020,4,4,320,0,0,112387
2020,4,5,320,0,0,111501
2020,4,6,320,0,1,127823
2020,4,7,320,0,0,108661
2020,4,8,320,0,1,141044
2020,4,9,320,0,0,110541
2020,4,10,320,0,1,131191
2020,4,11,320,0,1,125965
2020,4,12,320,0,0,110598
2020,4,13,320,0,0,110784
2020,4,14,320,0,1,126465
2020,4,15,320,0,0,117610
2020,4,16,320,0,1,133692
2020,4,35,320,0,0,95564
2020,4,36,320,0,0,83939
2020,4,37,320,0,0,96263
2020,4,38,320,0,1,95351
2020,4,39,320,0,0,94905
2020,4,40,320,0,1,105395
2020,4,41,320,1,0,95708
2020,4,42,320,1,1,300657
2020,4,43,320,0,1,102746
2020,4,44,320,0,1,100184
2020,4,45,320,1,1,223423
2020,4,46,320,0,0,92272
2020,4,47,320,0,0,94914
2020,4,48,320,1,1,198694
2020,4,49,320,0,1,93646
2020,4,50,320,0,1,102717
2020,4,51,320,0,1,99392
2020,4,52,320,1,0,91919
2020,4,18,320,0,1,81834
2020,4,19,320,0,0,64411
2020,4,20,320,0,1,74734
2020,4,21,320,0,1,73921
2020,4,22,320,0,1,69341
2020,4,23,320,0,1,84496
2020,4,24,320,0,0,75303
2020,4,25,320,0,1,71823
2020,4,26,320,0,1,80508
2020,4,27,320,0,1,80549
2020,4,28,320,0,0,69810
2020,4,29,320,0,0,61399
2020,4,30,320,0,1,80953
2020,4,31,320,0,0,72282
2020,4,32,320,0,1,74564
2020,4,33,320,0,0,75952
2020,4,34,320,0,0,68164
2020,5,1,150,0,1,59365
2020,5,2,150,0,0,55426
2020,5,3,150,0,0,55198
2020,5,4,150,0,0,55028
2020,5,5,150,0,1,61624
2020,5,6,150,0,1,60758
2020,5,7,150,0,0,50181
2020,5,8,150,0,0,49419
2020,5,9,150,0,0,51495
2020,5,10,150,0,0,55348
2020,5,11,150,0,0,50731
2020,5,12,150,0,1,59461
2020,5,13,150,0,1,57519
2020,5,14,150,0,0,55498
2020,5,15,150,0,1,56387
2020,5,16,150,0,0,51612
2020,5,35,150,0,1,51319
2020,5,36,150,0,0,41377
2020,5,37,150,0,1,53613
2020,5,38,150,0,0,42710
2020,5,39,150,0,1,45366
2020,5,40,150,0,1,46802
2020,5,41,150,1,1,203753
2020,5,42,150,1,1,228646
2020,5,43,150,0,1,47229
2020,5,44,150,0,0,44015
2020,5,45,150,1,1,240732
2020,5,46,150,0,1,49557
2020,5,47,150,0,1,53240
2020,5,48,150,1,1,99272
2020,5,49,150,0,1,51578
2020,5,50,150,0,0,44122
2020,5,51,150,0,0,43190
2020,5,52,150,1,0,41732
2020,5,18,150,0,0,30553
2020,5,19,150,0,0,30794
2020,5,20,150,0,1,36865
2020,5,21,150,0,0,34979
2020,5,22,150,0,0,33105
2020,5,23,150,0,0,32157
2020,5,24,150,0,1,37626
2020,5,25,150,0,0,29697
2020,5,26,150,0,0,35485
2020,5,27,150,0,1,34196
2020,5,28,150,0,1,37380
2020,5,29,150,0,0,33275
2020,5,30,150,0,0,30518
2020,5,31,150,0,0,35009
2020,5,32,150,0,0,31982
2020,5,33,150,0,1,37793
2020,5,34,150,0,1,39316
2020,6,1,856,0,0,300247
2020,6,2,856,0,1,346006
2020,6,3,856,0,1,375648
2020,6,4,856,0,1,341447
2020,6,5,856,0,1,329813
2020,6,6,856,0,1,353548
2020,6,7,856,0,1,342844
2020,6,8,856,0,1,339327
2020,6,9,856,0,1,377071
2020,6,10,856,0,0,307046
2020,6,11,856,0,1,361634
2020,6,12,856,0,1,360162
2020,6,13,856,0,0,307706
2020,6,14,856,0,0,299402
2020,6,15,856,0,0,287208
2020,6,16,856,0,1,337073
2020,6,35,856,0,0,250322
2020,6,36,856,0,0,237037
2020,6,37,856,0,0,248709
2020,6,38,856,0,0,233176
2020,6,39,856,0,0,252175
2020,6,40,856,0,1,296225
2020,6,41,856,1,1,405550
2020,6,42,856,1,0,249828
2020,6,43,856,0,0,251394
2020,6,44,856,0,0,253686
2020,6,45,856,1,0,221733
2020,6,46,856,0,1,273165
2020,6,47,856,0,1,304636
2020,6,48,856,1,1,282262
2020,6,49,856,0,0,254157
2020,6,50,856,0,1,263135
2020,6,51,856,0,1,275721
2020,6,52,856,1,1,397913
2020,6,18,856,0,0,180766
2020,6,19,856,0,1,218619
2020,6,20,856,0,0,188542
2020,6,21,856,0,0,186711
2020,6,22,856,0,1,188142
2020,6,23,856,0,0,195261
2020,6,24,856,0,1,221150
2020,6,25,856,0,1,210993
2020,6,26,856,0,1,185071
2020,6,27,856,0,0,174276
2020,6,28,856,0,0,199475
2020,6,29,856,0,0,169846
2020,6,30,856,0,0,200860
2020,6,31,856,0,1,183017
2020,6,32,856,0,0,184856
2020,6,33,856,0,1,221856
2020,6,34,856,0,0,162560
2021,1,1,452,0,1,182307
2021,1,2,452,0,1,188957
2021,1,3,452,0,0,150196
2021,1,4,452,0,0,157405
2021,1,5,452,0,0,157236
2021,1,6,452,0,1,189810
2021,1,7,452,0,1,185101
2021,1,8,452,0,1,173947
2021,1,9,452,0,1,194047
2021,1,10,452,0,1,178370
2021,1,11,452,0,1,174753
2021,1,12,452,0,0,149657
2021,1,13,452,0,1,179764
2021,1,14,452,0,0,151685
2021,1,15,452,0,0,163699
2021,1,16,452,0,1,185607
2021,1,35,452,0,1,156283
2021,1,36,452,0,0,134104
2021,1,37,452,0,1,153216
2021,1,38,452,0,0,125889
2021,1,39,452,0,1,137647
2021,1,40,452,0,0,127542
2021,1,41,452,1,1,575775
2021,1,42,452,1,1,433626
2021,1,43,452,0,0,134865
2021,1,44,452,0,0,125936
2021,1,45,452,1,0,124976
2021,1,46,452,0,1,144977
2021,1,47,452,0,1,150242
2021,1,48,452,1,0,123766
2021,1,49,452,0,0,123123
2021,1,50,452,0,1,141365
2021,1,51,452,0,0,123773
2021,1,52,452,1,1,326919
2021,1,18,452,0,1,103260
2021,1,19,452,0,0,95627
2021,1,20,452,0,0,96196
2021,1,21,452,0,1,105541
2021,1,22,452,0,0,91055
2021,1,23,452,0,1,106427
2021,1,24,452,0,1,115489
2021,1,25,452,0,0,88044
2021,1,26,452,0,1,97889
2021,1,27,452,0,1,110646
2021,1,28,452,0,0,88937
2021,1,29,452,0,0,96707
2021,1,30,452,0,0,93921
2021,1,31,452,0,1,105729
2021,1,32,452,0,1,98197
2021,1,33,452,0,1,113865
2021,1,34,452,0,1,117188
2021,2,1,580,0,1,240004
2021,2,2,580,0,0,196502
2021,2,3,580,0,1,230111
2021,2,4,580,0,0,210741
2021,2,5,580,0,0,194116
2021,2,6,580,0,0,203796
2021,2,7,580,0,0,209550
2021,2,8,580,0,1,233851
2021,2,9,580,0,0,207576
2021,2,10,580,0,0,202956
2021,2,11,580,0,1,246786
2021,2,12,580,0,1,218153
2021,2,13,580,0,1,218657
2021,2,14,580,0,1,238308
2021,2,15,580,0,0,191754
2021,2,16,580,0,0,212255
2021,2,35,580,0,1,174654
2021,2,36,580,0,0,167907
2021,2,37,580,0,0,164486
2021,2,38,580,0,0,168339
2021,2,39,580,0,1,195891
2021,2,40,580,0,0,155549
2021,2,41,580,1,1,200981
2021,2,42,580,1,0,160800
2021,2,43,580,0,0,171935
2021,2,44,580,0,1,203697
2021,2,45,580,1,0,173406
2021,2,46,580,0,0,150379
2021,2,47,580,0,1,193699
2021,2,48,580,1,0,164390
2021,2,49,580,0,0,162322
2021,2,50,580,0,1,168921
2021,2,51,580,0,1,200040
2021,2,52,580,1,0,170607
2021,2,18,580,0,1,144735
2021,2,19,580,0,1,129479
2021,2,20,580,0,1,121773
2021,2,21,580,0,0,124396
2021,2,22,580,0,1,126477
2021,2,23,580,0,1,129709
2021,2,24,580,0,1,156326
2021,2,25,580,0,1,144224
2021,2,26,580,0,1,145136
2021,2,27,580,0,1,148482
2021,2,28,580,0,0,133007
2021,2,29,580,0,0,126891
2021,2,30,580,0,0,131608
2021,2,31,580,0,1,121327
2021,2,32,580,0,1,123209
2021,2,33,580,0,1,137054
2021,2,34,580,0,1,144357
2021,3,1,640,0,1,268043
2021,3,2,640,0,0,225130
2021,3,3,640,0,0,227678
2021,3,4,640,0,1,279785
2021,3,5,640,0,1,256527
2021,3,6,640,0,0,228065
2021,3,7,640,0,0,219429
2021,3,8,640,0,0,220687
2021,3,9,640,0,0,217273
2021,3,10,640,0,0,211018
2021,3,11,640,0,0,216238
2021,3,12,640,0,1,277494
2021,3,13,640,0,0,236233
2021,3,14,640,0,0,227952
2021,3,15,640,0,1,243215
2021,3,16,640,0,0,216383
2021,3,35,640,0,0,190112
2021,3,36,640,0,0,181917
2021,3,37,640,0,1,201348
2021,3,38,640,0,0,183003
2021,3,39,640,0,0,174404
2021,3,40,640,0,1,193072
2021,3,41,640,1,1,990161
2021,3,42,640,1,0,190970
2021,3,43,640,0,0,182416
2021,3,44,640,0,0,179648
2021,3,45,640,1,0,172901
2021,3,46,640,0,0,169158
2021,3,47,640,0,0,169309
2021,3,48,640,1,1,235840
2021,3,49,640,0,1,216725
2021,3,50,640,0,1,189098
2021,3,51,640,0,1,205811
2021,3,52,640,1,0,187348
2021,3,18,640,0,0,152115
2021,3,19,640,0,0,142169
2021,3,20,640,0,0,130717
2021,3,21,640,0,0,131069
2021,3,22,640,0,1,137041
2021,3,23,640,0,0,141687
2021,3,24,640,0,0,152111
2021,3,25,640,0,0,146893
2021,3,26,640,0,0,140966
2021,3,27,640,0,0,151615
2021,3,28,640,0,1,150020
2021,3,29,640,0,1,150215
2021,3,30,640,0,0,136722
2021,3,31,640,0,1,142148
2021,3,32,640,0,1,153163
2021,3,33,640,0,0,138876
2021,3,34,640,0,0,144035
2021,4,1,320,0,1,133335
2021,4,2,320,0,1,125561
2021,4,3,320,0,0,108983
2021,4,4,320,0,1,123147
2021,4,5,320,0,1,119527
2021,4,6,320,0,0,117461
2021,4,7,320,0,0,115400
2021,4,8,320,0,0,108996
2021,4,9,320,0,1,131384
2021,4,10,320,0,0,113603
2021,4,11,320,0,1,121080
2021,4,12,320,0,1,123166
2021,4,13,320,0,1,126330
2021,4,14,320,0,0,106106
2021,4,15,320,0,1,130732
2021,4,16,320,0,1,122000
2021,4,35,320,0,0,84012
2021,4,36,320,0,1,103857
2021,4,37,320,0,1,113939
2021,4,38,320,0,0,93077
2021,4,39,320,0,0,88428
2021,4,40,320,0,0,89970
2021,4,41,320,1,0,89259
2021,4,42,320,1,0,86906
2021,4,43,320,0,1,111518
2021,4,44,320,0,1,112987
2021,4,45,320,1,0,83720
2021,4,46,320,0,1,108217
2021,4,47,320,0,0,91125
2021,4,48,320,1,1,402689
2021,4,49,320,0,0,87292
2021,4,50,320,0,0,84092
2021,4,51,320,0,1,102635
2021,4,52,320,1,0,91305
2021,4,18,320,0,1,70609
2021,4,19,320,0,1,68827
2021,4,20,320,0,0,73469
2021,4,21,320,0,1,71586
2021,4,22,320,0,1,80226
2021,4,23,320,0,0,72705
2021,4,24,320,0,0,65991
2021,4,25,320,0,0,63353
2021,4,26,320,0,1,78061
2021,4,27,320,0,1,73706
2021,4,28,320,0,0,68325
2021,4,29,320,0,1,72979
2021,4,30,320,0,0,76125
2021,4,31,320,0,0,67193
2021,4,32,320,0,1,75964
2021,4,33,320,0,1,67139
2021,4,34,320,0,1,71545
2021,5,1,150,0,1,59520
2021,5,2,150,0,1,64171
2021,5,3,150,0,1,55589
2021,5,4,150,0,1,59871
2021,5,5,150,0,1,58535
2021,5,6,150,0,0,53276
2021,5,7,150,0,1,56698
2021,5,8,150,0,0,54155
2021,5,9,150,0,0,52856
2021,5,10,150,0,1,55873
2021,5,11,150,0,0,52639
2021,5,12,150,0,1,56765
2021,5,13,150,0,0,51294
2021,5,14,150,0,0,50877
2021,5,15,150,0,0,55204
2021,5,16,150,0,1,59343
2021,5,35,150,0,1,48267
2021,5,36,150,0,0,44692
2021,5,37,150,0,0,38921
2021,5,38,150,0,0,40607
2021,5,39,150,0,0,39048
2021,5,40,150,0,0,44476
2021,5,41,150,1,0,42630
2021,5,42,150,1,0,40124
2021,5,43,150,0,0,42377
2021,5,44,150,0,1,47220
2021,5,45,150,1,0,41524
2021,5,46,150,0,0,39024
2021,5,47,150,0,1,47717
2021,5,48,150,1,0,41389
2021,5,49,150,0,1,45299
2021,5,50,150,0,1,44902
2021,5,51,150,0,1,49464
2021,5,52,150,1,0,42917
2021,5,18,150,0,1,36537
2021,5,19,150,0,1,39869
2021,5,20,150,0,0,28632
2021,5,21,150,0,0,35338
2021,5,22,150,0,1,34053
2021,5,23,150,0,1,37442
2021,5,24,150,0,0,33328
2021,5,25,150,0,1,36289
2021,5,26,150,0,0,33913
2021,5,27,150,0,0,31967
2021,5,28,150,0,1,39787
2021,5,29,150,0,0,31382
2021,5,30,150,0,1,36970
2021,5,31,150,0,1,36827
2021,5,32,150,0,0,30700
2021,5,33,150,0,1,39491
2021,5,34,150,0,1,31783
2021,6,1,856,0,1,370807
2021,6,2,856,0,1,370542
2021,6,3,856,0,0,287990
2021,6,4,856,0,0,294179
2021,6,5,856,0,0,290473
2021,6,6,856,0,0,307068
2021,6,7,856,0,0,282269
2021,6,8,856,0,0,297339
2021,6,9,856,0,1,354032
2021,6,10,856,0,0,317094
2021,6,11,856,0,1,336463
2021,6,12,856,0,0,307785
2021,6,13,856,0,0,293990
2021,6,14,856,0,1,339146
2021,6,15,856,0,0,297149
2021,6,16,856,0,1,333721
2021,6,35,856,0,1,276711
2021,6,36,856,0,0,249356
2021,6,37,856,0,1,261867
2021,6,38,856,0,0,250581
2021,6,39,856,0,0,230233
2021,6,40,856,0,1,277735
2021,6,41,856,1,0,245728
2021,6,42,856,1,1,1342599
2021,6,43,856,0,1,268617
2021,6,44,856,0,1,286609
2021,6,45,856,1,1,1191708
2021,6,46,856,0,1,272512
2021,6,47,856,0,0,237748
2021,6,48,856,1,1,940327
2021,6,49,856,0,1,274945
2021,6,50,856,0,0,222521
2021,6,51,856,0,1,259977
2021,6,52,856,1,0,231831
2021,6,18,856,0,1,221560
2021,6,19,856,0,0,186597
2021,6,20,856,0,1,175595
2021,6,21,856,0,1,202225
2021,6,22,856,0,1,189448
2021,6,23,856,0,0,177762
2021,6,24,856,0,0,201064
2021,6,25,856,0,0,164072
2021,6,26,856,0,0,193365
2021,6,27,856,0,0,202445
2021,6,28,856,0,1,190720
2021,6,29,856,0,1,201816
2021,6,30,856,0,0,177665
2021,6,31,856,0,1,204510
2021,6,32,856,0,1,192224
2021,6,33,856,0,0,166161
2021,6,34,856,0,1,214425
2022,1,1,452,0,0,153138
2022,1,2,452,0,0,160645
2022,1,3,452,0,1,187254
2022,1,4,452,0,0,150785
2022,1,5,452,0,1,177117
2022,1,6,452,0,0,162299
2022,1,7,452,0,1,189463
2022,1,8,452,0,1,188750
2022,1,9,452,0,0,156313
2022,1,10,452,0,0,150193
2022,1,11,452,0,0,165026
2022,1,12,452,0,1,174568
2022,1,13,452,0,1,191564
2022,1,14,452,0,0,163550
2022,1,15,452,0,1,172907
2022,1,16,452,0,0,164144
2022,1,35,452,0,1,139653
2022,1,36,452,0,0,125322
2022,1,37,452,0,0,122371
2022,1,38,452,0,0,131972
2022,1,39,452,0,0,126029
2022,1,40,452,0,0,133078
2022,1,41,452,1,1,618870
2022,1,42,452,1,0,128134
2022,1,43,452,0,1,140821
2022,1,44,452,0,0,135056
2022,1,45,452,1,1,321769
2022,1,46,452,0,0,131903
2022,1,47,452,0,0,133185
2022,1,48,452,1,0,135184
2022,1,49,452,0,0,119143
2022,1,50,452,0,1,143638
2022,1,51,452,0,1,132898
2022,1,52,452,1,1,575388
2022,1,18,452,0,1,119438
2022,1,19,452,0,1,97517
2022,1,20,452,0,1,115550
2022,1,21,452,0,1,96548
2022,1,22,452,0,1,119895
2022,1,23,452,0,0,101199
2022,1,24,452,0,1,99642
2022,1,25,452,0,0,92396
2022,1,26,452,0,1,102140
2022,1,27,452,0,0,92723
2022,1,28,452,0,1,97857
2022,1,29,452,0,1,98334
2022,1,30,452,0,0,101744
2022,1,31,452,0,0,96354
2022,1,32,452,0,0,104902
2022,1,33,452,0,0,88343
2022,1,34,452,0,1,116878
2022,2,1,580,0,1,232398
2022,2,2,580,0,0,196415
2022,2,3,580,0,1,234024
2022,2,4,580,0,0,199994
2022,2,5,580,0,1,232813
2022,2,6,580,0,0,192019
2022,2,7,580,0,0,214216
2022,2,8,580,0,1,242440
2022,2,9,580,0,1,238933
2022,2,10,580,0,0,210524
2022,2,11,580,0,1,247537
2022,2,12,580,0,0,211465
2022,2,13,580,0,0,191096
2022,2,14,580,0,0,192655
2022,2,15,580,0,0,210044
2022,2,16,580,0,1,226034
2022,2,35,580,0,1,204846
2022,2,36,580,0,0,155189
2022,2,37,580,0,1,194794
2022,2,38,580,0,1,201698
2022,2,39,580,0,1,183018
2022,2,40,580,0,0,173309
2022,2,41,580,1,1,875119
2022,2,42,580,1,0,166780
2022,2,43,580,0,0,155758
2022,2,44,580,0,1,170646
2022,2,45,580,1,1,593609
2022,2,46,580,0,0,150292
2022,2,47,580,0,1,197344
2022,2,48,580,1,0,165658
2022,2,49,580,0,0,169036
2022,2,50,580,0,1,190927
2022,2,51,580,0,0,160733
2022,2,52,580,1,0,157394
2022,2,18,580,0,1,154682
2022,2,19,580,0,1,119951
2022,2,20,580,0,1,135220
2022,2,21,580,0,1,138768
2022,2,22,580,0,0,130536
2022,2,23,580,0,1,144344
2022,2,24,580,0,0,118626
2022,2,25,580,0,0,136464
2022,2,26,580,0,1,131599
2022,2,27,580,0,1,143524
2022,2,28,580,0,1,151891
2022,2,29,580,0,0,134309
2022,2,30,580,0,0,113687
2022,2,31,580,0,1,153575
2022,2,32,580,0,0,129703
2022,2,33,580,0,1,131678
2022,2,34,580,0,1,149563
2022,3,1,640,0,0,220550
2022,3,2,640,0,1,248736
2022,3,3,640,0,0,232040
2022,3,4,640,0,0,227644
2022,3,5,640,0,1,262700
2022,3,6,640,0,0,221526
2022,3,7,640,0,0,229118
2022,3,8,640,0,0,236439
2022,3,9,640,0,1,249743
2022,3,10,640,0,1,254167
2022,3,11,640,0,1,262676
2022,3,12,640,0,0,218117
2022,3,13,640,0,1,261666
2022,3,14,640,0,0,234065
2022,3,15,640,0,0,214790
2022,3,16,640,0,0,221482
2022,3,35,640,0,1,223252
2022,3,36,640,0,1,214493
2022,3,37,640,0,0,177564
2022,3,38,640,0,1,212145
2022,3,39,640,0,0,179665
2022,3,40,640,0,1,219490
2022,3,41,640,1,1,358687
2022,3,42,640,1,1,399748
2022,3,43,640,0,0,176056
2022,3,44,640,0,1,217076
2022,3,45,640,1,1,929789
2022,3,46,640,0,1,221815
2022,3,47,640,0,1,196720
2022,3,48,640,1,0,192383
2022,3,49,640,0,1,188833
2022,3,50,640,0,1,208066
2022,3,51,640,0,0,175430
2022,3,52,640,1,0,172250
2022,3,18,640,0,0,141461
2022,3,19,640,0,1,141200
2022,3,20,640,0,0,133014
2022,3,21,640,0,0,138692
2022,3,22,640,0,1,133677
2022,3,23,640,0,1,136276
2022,3,24,640,0,0,149139
2022,3,25,640,0,0,126022
2022,3,26,640,0,0,147291
2022,3,27,640,0,1,135151
2022,3,28,640,0,0,135191
2022,3,29,640,0,1,146700
2022,3,30,640,0,1,167489
2022,3,31,640,0,1,134789
2022,3,32,640,0,0,121743
2022,3,33,640,0,0,138843
2022,3,34,640,0,1,145032
2022,4,1,320,0,1,131216
2022,4,2,320,0,0,113485
2022,4,3,320,0,0,108177
2022,4,4,320,0,1,123963
2022,4,5,320,0,0,112075
2022,4,6,320,0,1,127950
2022,4,7,320,0,0,105931
2022,4,8,320,0,0,111010
2022,4,9,320,0,0,113428
2022,4,10,320,0,1,122032
2022,4,11,320,0,0,111572
2022,4,12,320,0,0,116277
2022,4,13,320,0,0,109993
2022,4,14,320,0,1,136776
2022,4,15,320,0,1,129938
2022,4,16,320,0,0,116581
2022,4,35,320,0,0,96274
2022,4,36,320,0,1,106684
2022,4,37,320,0,1,98817
2022,4,38,320,0,0,84211
2022,4,39,320,0,1,94994
2022,4,40,320,0,1,107449
2022,4,41,320,1,0,96059
2022,4,42,320,1,1,418867
2022,4,43,320,0,0,87775
2022,4,44,320,0,1,102156
2022,4,45,320,1,1,510894
2022,4,46,320,0,0,84753
2022,4,47,320,0,0,84258
2022,4,48,320,1,1,210653
2022,4,49,320,0,0,94294
2022,4,50,320,0,1,102109
2022,4,51,320,0,1,93836
2022,4,52,320,1,0,88095
2022,4,18,320,0,1,85946
2022,4,19,320,0,0,66628
2022,4,20,320,0,0,67782
2022,4,21,320,0,0,64714
2022,4,22,320,0,0,61653
2022,4,23,320,0,1,79650
2022,4,24,320,0,1,85994
2022,4,25,320,0,0,68883
2022,4,26,320,0,1,76062
2022,4,27,320,0,0,65819
2022,4,28,320,0,0,65869
2022,4,29,320,0,0,62936
2022,4,30,320,0,1,79717
2022,4,31,320,0,1,66542
2022,4,32,320,0,1,69714
2022,4,33,320,0,1,71645
2022,4,34,320,0,0,65448
2022,5,1,150,0,0,53646
2022,5,2,150,0,1,61611
2022,5,3,150,0,0,50215
2022,5,4,150,0,0,53655
2022,5,5,150,0,1,60002
2022,5,6,150,0,0,52708
2022,5,7,150,0,1,60002
2022,5,8,150,0,0,54088
2022,5,9,150,0,1,60462
2022,5,10,150,0,0,51920
2022,5,11,150,0,1,58774
2022,5,12,150,0,1,57216
2022,5,13,150,0,0,49599
2022,5,14,150,0,0,51673
2022,5,15,150,0,1,57185
2022,5,16,150,0,1,61831
2022,5,35,150,0,0,42337
2022,5,36,150,0,1,49584
2022,5,37,150,0,1,46944
2022,5,38,150,0,0,42113
2022,5,39,150,0,1,48757
2022,5,40,150,0,0,43690
2022,5,41,150,1,0,39270
2022,5,42,150,1,1,83011
2022,5,43,150,0,0,42818
2022,5,44,150,0,1,49997
2022,5,45,150,1,0,42813
2022,5,46,150,0,0,42473
2022,5,47,150,0,0,43376
2022,5,48,150,1,1,155168
2022,5,49,150,0,0,42641
2022,5,50,150,0,1,45307
2022,5,51,150,0,1,44963
2022,5,52,150,1,0,44773
2022,5,18,150,0,1,32326
2022,5,19,150,0,0,33520
2022,5,20,150,0,0,30472
2022,5,21,150,0,1,33265
2022,5,22,150,0,1,38188
2022,5,23,150,0,0,29624
2022,5,24,150,0,1,36515
2022,5,25,150,0,0,34645
2022,5,26,150,0,1,34824
2022,5,27,150,0,1,31602
2022,5,28,150,0,1,34151
2022,5,29,150,0,0,33060
2022,5,30,150,0,1,35930
2022,5,31,150,0,0,34887
2022,5,32,150,0,0,33202
2022,5,33,150,0,1,33607
2022,5,34,150,0,1,35339
2022,6,1,856,0,1,333766
2022,6,2,856,0,1,363866
2022,6,3,856,0,1,320851
2022,6,4,856,0,1,336523
2022,6,5,856,0,1,363615
2022,6,6,856,0,1,325402
2022,6,7,856,0,0,303264
2022,6,8,856,0,0,313695
2022,6,9,856,0,0,289039
2022,6,10,856,0,1,360945
2022,6,11,856,0,1,332824
2022,6,12,856,0,0,281641
2022,6,13,856,0,1,340141
2022,6,14,856,0,1,352638
2022,6,15,856,0,0,307937
2022,6,16,856,0,0,314463
2022,6,35,856,0,1,262072
2022,6,36,856,0,1,270186
2022,6,37,856,0,0,231229
2022,6,38,856,0,1,262640
2022,6,39,856,0,0,252682
2022,6,40,856,0,0,225793
2022,6,41,856,1,1,708553
2022,6,42,856,1,1,1137724
2022,6,43,856,0,0,229363
2022,6,44,856,0,0,227731
2022,6,45,856,1,0,238692
2022,6,46,856,0,0,254010
2022,6,47,856,0,1,279972
2022,6,48,856,1,0,228200
2022,6,49,856,0,0,238416
2022,6,50,856,0,0,225590
2022,6,51,856,0,1,272451
2022,6,52,856,1,1,919205
2022,6,18,856,0,0,180944
2022,6,19,856,0,1,201835
2022,6,20,856,0,1,198646
2022,6,21,856,0,0,202357
2022,6,22,856,0,1,188174
2022,6,23,856,0,1,214079
2022,6,24,856,0,1,172622
2022,6,25,856,0,1,225784
2022,6,26,856,0,0,189926
2022,6,27,856,0,1,186777
2022,6,28,856,0,1,216302
2022,6,29,856,0,0,197357
2022,6,30,856,0,1,212443
2022,6,31,856,0,1,206999
2022,6,32,856,0,0,184120
2022,6,33,856,0,1,204227
2022,6,34,856,0,0,202930
